"lote","prioridad","sku_gti","nombre_tarjeta","existencia","nombre_archivo_sugerido","foto_propia_o_fuente_autorizada","source_type","url_ficha_que_prueba_sku","evidencia_referencia_visible","confirmacion_sin_marca_de_agua_ajena","autorizacion_de_uso","estado"
"01","Alta: existencia disponible","GTI-038","Tulipa lado caja GTI — Hyundai Vision / Kia Sephia","4","GTI-038.jpg","","own | manufacturer | authorized-distributor","","Etiqueta, grabado o página que identifica exactamente el SKU","Pendiente","Pendiente","Pendiente"
"01","Alta: existencia disponible","GTI01-004","Punta lado caja GTI — Renault R9 / R12 / R18 / Twingo 8V","3","GTI01-004.jpg","","own | manufacturer | authorized-distributor","","Etiqueta, grabado o página que identifica exactamente el SKU","Pendiente","Pendiente","Pendiente"
"01","Alta: existencia disponible","GTI01-016","Punta lado rueda GTI — Renault Clio II / Symbol","3","GTI01-016.jpg","","own | manufacturer | authorized-distributor","","Etiqueta, grabado o página que identifica exactamente el SKU","Pendiente","Pendiente","Pendiente"
"01","Alta: existencia disponible","GTI03-003","Punta lado rueda GTI — Kia Rio Stylus 1.5","3","GTI03-003.jpg","","own | manufacturer | authorized-distributor","","Etiqueta, grabado o página que identifica exactamente el SKU","Pendiente","Pendiente","Pendiente"
"01","Alta: existencia disponible","GTI01-092","Punta lado rueda GTI — Renault Kwid","2","GTI01-092.jpg","","own | manufacturer | authorized-distributor","","Etiqueta, grabado o página que identifica exactamente el SKU","Pendiente","Pendiente","Pendiente"
"01","Alta: existencia disponible","GTI03-072","Punta lado rueda GTI — Mazda 2","2","GTI03-072.jpg","","own | manufacturer | authorized-distributor","","Etiqueta, grabado o página que identifica exactamente el SKU","Pendiente","Pendiente","Pendiente"
"01","Alta: existencia disponible","GTI04-089","Punta lado rueda GTI — Chevrolet Cobalt / Taxi Elite","2","GTI04-089.jpg","","own | manufacturer | authorized-distributor","","Etiqueta, grabado o página que identifica exactamente el SKU","Pendiente","Pendiente","Pendiente"
"01","Alta: existencia disponible","GTI04-D01","Punta lado rueda GTI — Chevrolet Corsa","2","GTI04-D01.jpg","","own | manufacturer | authorized-distributor","","Etiqueta, grabado o página que identifica exactamente el SKU","Pendiente","Pendiente","Pendiente"
"01","Alta: existencia disponible","GTI06-037","Tulipa lado caja GTI — Kia Rio Xcite / Cerato / Forte / Hyundai i25","2","GTI06-037.jpg","","own | manufacturer | authorized-distributor","","Etiqueta, grabado o página que identifica exactamente el SKU","Pendiente","Pendiente","Pendiente"
"01","Alta: existencia disponible","GTI06-081","Punta lado rueda GTI — Hyundai Eon","2","GTI06-081.jpg","","own | manufacturer | authorized-distributor","","Etiqueta, grabado o página que identifica exactamente el SKU","Pendiente","Pendiente","Pendiente"
"02","Alta: existencia disponible","GTI01-017","Punta lado rueda GTI — Renault Mégane / Clio II","1","GTI01-017.jpg","","own | manufacturer | authorized-distributor","","Etiqueta, grabado o página que identifica exactamente el SKU","Pendiente","Pendiente","Pendiente"
"02","Alta: existencia disponible","GTI01-093","Tulipa lado caja GTI — Renault Kwid","1","GTI01-093.jpg","","own | manufacturer | authorized-distributor","","Etiqueta, grabado o página que identifica exactamente el SKU","Pendiente","Pendiente","Pendiente"
"02","Alta: existencia disponible","GTI04-161","Punta lado rueda GTI — Chevrolet Tracker Turbo / Onix Turbo","1","GTI04-161.jpg","","own | manufacturer | authorized-distributor","","Etiqueta, grabado o página que identifica exactamente el SKU","Pendiente","Pendiente","Pendiente"
"02","Alta: existencia disponible","GTI06-012","Punta lado rueda GTI — Kia Cerato / Forte","1","GTI06-012.jpg","","own | manufacturer | authorized-distributor","","Etiqueta, grabado o página que identifica exactamente el SKU","Pendiente","Pendiente","Pendiente"
"02","Alta: existencia disponible","GTI06-082","Tulipa lado caja GTI — Hyundai Eon","1","GTI06-082.jpg","","own | manufacturer | authorized-distributor","","Etiqueta, grabado o página que identifica exactamente el SKU","Pendiente","Pendiente","Pendiente"
"02","Alta: existencia disponible","GTI106-092","PUNTA L/C KIA PICANTO ALL NEW 1.2 (25*21)","1","GTI106-092.jpg","","own | manufacturer | authorized-distributor","","Etiqueta, grabado o página que identifica exactamente el SKU","Pendiente","Pendiente","Pendiente"
"02","Catálogo para cotización","GTI01-001","PUNTA EJE L/R. R12/18 GTL T. TH 30 DTS. — GTI01-001","0","GTI01-001.jpg","","own | manufacturer | authorized-distributor","","Etiqueta, grabado o página que identifica exactamente el SKU","Pendiente","Pendiente","Pendiente"
"02","Catálogo para cotización","GTI01-002","PUNTA EJE L/R. R18 GTX/21 RX 2.0 25 DTS. PIN EXT. — GTI01-002","0","GTI01-002.jpg","","own | manufacturer | authorized-distributor","","Etiqueta, grabado o página que identifica exactamente el SKU","Pendiente","Pendiente","Pendiente"
"02","Catálogo para cotización","GTI01-003","PUNTA EJE L/R. R9/TWINGO 8V./21 RS 30 DTS. — GTI01-003","0","GTI01-003.jpg","","own | manufacturer | authorized-distributor","","Etiqueta, grabado o página que identifica exactamente el SKU","Pendiente","Pendiente","Pendiente"
"02","Catálogo para cotización","GTI01-005","EJE HOMOCINETICO IZQ. KANGOO 07/ — GTI01-005","0","GTI01-005.jpg","","own | manufacturer | authorized-distributor","","Etiqueta, grabado o página que identifica exactamente el SKU","Pendiente","Pendiente","Pendiente"
"03","Catálogo para cotización","GTI01-006","TRICETA EJE R9/12/18 22 ESTRIAS AGUJAS — GTI01-006","0","GTI01-006.jpg","","own | manufacturer | authorized-distributor","","Etiqueta, grabado o página que identifica exactamente el SKU","Pendiente","Pendiente","Pendiente"
"03","Catálogo para cotización","GTI01-007","EJE HOMOCINETICO R4/6 — GTI01-007","0","GTI01-007.jpg","","own | manufacturer | authorized-distributor","","Etiqueta, grabado o página que identifica exactamente el SKU","Pendiente","Pendiente","Pendiente"
"03","Catálogo para cotización","GTI01-009","EJE HOMOCINETICO DER. R9 — GTI01-009","0","GTI01-009.jpg","","own | manufacturer | authorized-distributor","","Etiqueta, grabado o página que identifica exactamente el SKU","Pendiente","Pendiente","Pendiente"
"03","Catálogo para cotización","GTI01-010","EJE HOMOCINETICO R12 — GTI01-010","0","GTI01-010.jpg","","own | manufacturer | authorized-distributor","","Etiqueta, grabado o página que identifica exactamente el SKU","Pendiente","Pendiente","Pendiente"
"03","Catálogo para cotización","GTI01-012","PUNTA EJE L/C. DER. KANGOO — GTI01-012","0","GTI01-012.jpg","","own | manufacturer | authorized-distributor","","Etiqueta, grabado o página que identifica exactamente el SKU","Pendiente","Pendiente","Pendiente"
"03","Catálogo para cotización","GTI01-014","EJE HOMOCINETICO R18 GTX 4 PERNOS — GTI01-014","0","GTI01-014.jpg","","own | manufacturer | authorized-distributor","","Etiqueta, grabado o página que identifica exactamente el SKU","Pendiente","Pendiente","Pendiente"
"03","Catálogo para cotización","GTI01-015","EJE HOMOCINETICO R18 GTL 3 PERNOS — GTI01-015","0","GTI01-015.jpg","","own | manufacturer | authorized-distributor","","Etiqueta, grabado o página que identifica exactamente el SKU","Pendiente","Pendiente","Pendiente"
"03","Catálogo para cotización","GTI01-018","PUNTA EJE L/R. SYMBOL/CITIUS 30 DTS. — GTI01-018","0","GTI01-018.jpg","","own | manufacturer | authorized-distributor","","Etiqueta, grabado o página que identifica exactamente el SKU","Pendiente","Pendiente","Pendiente"
"03","Catálogo para cotización","GTI01-019","PUNTA EJE L/R. R4/6 30 DTS. — GTI01-019","0","GTI01-019.jpg","","own | manufacturer | authorized-distributor","","Etiqueta, grabado o página que identifica exactamente el SKU","Pendiente","Pendiente","Pendiente"
"03","Catálogo para cotización","GTI01-022","EJE HOMOCINETICO DER. SYMBOL/CITIUS REEMPLAZA CARCAZA LARGA — GTI01-022","0","GTI01-022.jpg","","own | manufacturer | authorized-distributor","","Etiqueta, grabado o página que identifica exactamente el SKU","Pendiente","Pendiente","Pendiente"
"04","Catálogo para cotización","GTI01-023","PUNTA EJE L/C. CLIO II/SYMBOL/MEGANE NUEVO DISEÑO — GTI01-023","0","GTI01-023.jpg","","own | manufacturer | authorized-distributor","","Etiqueta, grabado o página que identifica exactamente el SKU","Pendiente","Pendiente","Pendiente"
"04","Catálogo para cotización","GTI01-024","EJE HOMOCINETICO IZQ. SYMBOL/CITIUS — GTI01-024","0","GTI01-024.jpg","","own | manufacturer | authorized-distributor","","Etiqueta, grabado o página que identifica exactamente el SKU","Pendiente","Pendiente","Pendiente"
"04","Catálogo para cotización","GTI01-025","EJE HOMOCINETICO DER. LOGAN /2010 T. ORIGINAL — GTI01-025","0","GTI01-025.jpg","","own | manufacturer | authorized-distributor","","Etiqueta, grabado o página que identifica exactamente el SKU","Pendiente","Pendiente","Pendiente"
"04","Catálogo para cotización","GTI01-026","EJE HOMOCINETICO IZQ. LOGAN /2010 T. ORIGINAL — GTI01-026","0","GTI01-026.jpg","","own | manufacturer | authorized-distributor","","Etiqueta, grabado o página que identifica exactamente el SKU","Pendiente","Pendiente","Pendiente"
"04","Catálogo para cotización","GTI01-030","PUNTA EJE L/R. MEGANE II 32 DTS. — GTI01-030","0","GTI01-030.jpg","","own | manufacturer | authorized-distributor","","Etiqueta, grabado o página que identifica exactamente el SKU","Pendiente","Pendiente","Pendiente"
"04","Catálogo para cotización","GTI01-031","PUNTA EJE L/R. MEGANE II 33 DTS. — GTI01-031","0","GTI01-031.jpg","","own | manufacturer | authorized-distributor","","Etiqueta, grabado o página que identifica exactamente el SKU","Pendiente","Pendiente","Pendiente"
"04","Catálogo para cotización","GTI01-033","PUNTA EJE L/R. KANGOO 07/ 23 DTS. PIN INT. — GTI01-033","0","GTI01-033.jpg","","own | manufacturer | authorized-distributor","","Etiqueta, grabado o página que identifica exactamente el SKU","Pendiente","Pendiente","Pendiente"
"04","Catálogo para cotización","GTI01-034","PUNTA EJE L/R. SCENIC 1.6 CON ABS 35 DTS — GTI01-034","0","GTI01-034.jpg","","own | manufacturer | authorized-distributor","","Etiqueta, grabado o página que identifica exactamente el SKU","Pendiente","Pendiente","Pendiente"
"04","Catálogo para cotización","GTI01-036","EJE HOMOCINETICO DER. LOGAN 2011/ — GTI01-036","0","GTI01-036.jpg","","own | manufacturer | authorized-distributor","","Etiqueta, grabado o página que identifica exactamente el SKU","Pendiente","Pendiente","Pendiente"
"04","Catálogo para cotización","GTI01-039","PUNTA EJE L/R. LAGUNA 29 DTS. — GTI01-039","0","GTI01-039.jpg","","own | manufacturer | authorized-distributor","","Etiqueta, grabado o página que identifica exactamente el SKU","Pendiente","Pendiente","Pendiente"
"05","Catálogo para cotización","GTI01-040","EJE HOMOCINETICO DER. MEGANE CON ABS — GTI01-040","0","GTI01-040.jpg","","own | manufacturer | authorized-distributor","","Etiqueta, grabado o página que identifica exactamente el SKU","Pendiente","Pendiente","Pendiente"
"05","Catálogo para cotización","GTI01-042","PUNTA EJE L/R. MASTER II 2.5 2010/2013 (ABS 51T) — GTI01-042","0","GTI01-042.jpg","","own | manufacturer | authorized-distributor","","Etiqueta, grabado o página que identifica exactamente el SKU","Pendiente","Pendiente","Pendiente"
"05","Catálogo para cotización","GTI01-045","EJE HOMOCINETICO DER. DUSTER 4X4 — GTI01-045","0","GTI01-045.jpg","","own | manufacturer | authorized-distributor","","Etiqueta, grabado o página que identifica exactamente el SKU","Pendiente","Pendiente","Pendiente"
"05","Catálogo para cotización","GTI01-046","EJE HOMOCINETICO IZQ. CLIO CAMPUS — GTI01-046","0","GTI01-046.jpg","","own | manufacturer | authorized-distributor","","Etiqueta, grabado o página que identifica exactamente el SKU","Pendiente","Pendiente","Pendiente"
"05","Catálogo para cotización","GTI01-051","PUNTA EJE L/R. CLIO CAMPUS/TWINGO 16V. — GTI01-051","0","GTI01-051.jpg","","own | manufacturer | authorized-distributor","","Etiqueta, grabado o página que identifica exactamente el SKU","Pendiente","Pendiente","Pendiente"
"05","Catálogo para cotización","GTI01-056","EJE HOMOCINETICO IZQ. MASTER II 2.5 2010/2013 — GTI01-056","0","GTI01-056.jpg","","own | manufacturer | authorized-distributor","","Etiqueta, grabado o página que identifica exactamente el SKU","Pendiente","Pendiente","Pendiente"
"05","Catálogo para cotización","GTI01-057","EJE HOMOCINETICO DER. MASTER II 2.5 2010/2013 — GTI01-057","0","GTI01-057.jpg","","own | manufacturer | authorized-distributor","","Etiqueta, grabado o página que identifica exactamente el SKU","Pendiente","Pendiente","Pendiente"
"05","Catálogo para cotización","GTI01-058","PUNTA EJE L/C. DER. MASTER II 2.5 2010/2013 — GTI01-058","0","GTI01-058.jpg","","own | manufacturer | authorized-distributor","","Etiqueta, grabado o página que identifica exactamente el SKU","Pendiente","Pendiente","Pendiente"
"05","Catálogo para cotización","GTI01-061","PUNTA EJE L/R. KOLEOS/QASHQAI — GTI01-061","0","GTI01-061.jpg","","own | manufacturer | authorized-distributor","","Etiqueta, grabado o página que identifica exactamente el SKU","Pendiente","Pendiente","Pendiente"
"05","Catálogo para cotización","GTI01-062","PUNTA EJE L/R. LAGUNA 25 DTS. — GTI01-062","0","GTI01-062.jpg","","own | manufacturer | authorized-distributor","","Etiqueta, grabado o página que identifica exactamente el SKU","Pendiente","Pendiente","Pendiente"
"06","Catálogo para cotización","GTI01-063","PUNTA EJE L/R. SCENIC 30 DTS. — GTI01-063","0","GTI01-063.jpg","","own | manufacturer | authorized-distributor","","Etiqueta, grabado o página que identifica exactamente el SKU","Pendiente","Pendiente","Pendiente"
"06","Catálogo para cotización","GTI01-066","EJE HOMOCINETICO IZQ. CLIO I — GTI01-066","0","GTI01-066.jpg","","own | manufacturer | authorized-distributor","","Etiqueta, grabado o página que identifica exactamente el SKU","Pendiente","Pendiente","Pendiente"
"06","Catálogo para cotización","GTI01-067","PUNTA EJE L/R. TRAFIC 1.9 2013/2014 — GTI01-067","0","GTI01-067.jpg","","own | manufacturer | authorized-distributor","","Etiqueta, grabado o página que identifica exactamente el SKU","Pendiente","Pendiente","Pendiente"
"06","Catálogo para cotización","GTI01-068","G/POLVO EJE L/C. IZQ. R9/TWINGO/CLIO/MEGANE — GTI01-068","0","GTI01-068.jpg","","own | manufacturer | authorized-distributor","","Etiqueta, grabado o página que identifica exactamente el SKU","Pendiente","Pendiente","Pendiente"
"06","Catálogo para cotización","GTI01-069","G/POLVO EJE L/C IZQ. LOGAN/SANDERO/STEPWAY (CON PLATINA) — GTI01-069","0","GTI01-069.jpg","","own | manufacturer | authorized-distributor","","Etiqueta, grabado o página que identifica exactamente el SKU","Pendiente","Pendiente","Pendiente"
"06","Catálogo para cotización","GTI01-070","EJE HOMOCINETICO IZQ. TRAFIC 1.9 2013/2014 — GTI01-070","0","GTI01-070.jpg","","own | manufacturer | authorized-distributor","","Etiqueta, grabado o página que identifica exactamente el SKU","Pendiente","Pendiente","Pendiente"
"06","Catálogo para cotización","GTI01-072","EJE HOMOCINETICO DER. MASTER III/NEW MASTER 2.3 2014/2017 — GTI01-072","0","GTI01-072.jpg","","own | manufacturer | authorized-distributor","","Etiqueta, grabado o página que identifica exactamente el SKU","Pendiente","Pendiente","Pendiente"
"06","Catálogo para cotización","GTI01-073","PUNTA EJE L/R. TRAFIC II 2.0 2014/2015 — GTI01-073","0","GTI01-073.jpg","","own | manufacturer | authorized-distributor","","Etiqueta, grabado o página que identifica exactamente el SKU","Pendiente","Pendiente","Pendiente"
"06","Catálogo para cotización","GTI01-074","PUNTA EJE L/R. LOGAN/SANDERO NEW — GTI01-074","0","GTI01-074.jpg","","own | manufacturer | authorized-distributor","","Etiqueta, grabado o página que identifica exactamente el SKU","Pendiente","Pendiente","Pendiente"
"06","Catálogo para cotización","GTI02-001","PUNTA EJE L/R. D-MAX 3.0 /2010. RODEO 33 DTS. — GTI02-001","0","GTI02-001.jpg","","own | manufacturer | authorized-distributor","","Etiqueta, grabado o página que identifica exactamente el SKU","Pendiente","Pendiente","Pendiente"
"07","Catálogo para cotización","GTI02-002","EJE HOMOCINETICO D-MAX 3.0 08/ — GTI02-002","0","GTI02-002.jpg","","own | manufacturer | authorized-distributor","","Etiqueta, grabado o página que identifica exactamente el SKU","Pendiente","Pendiente","Pendiente"
"07","Catálogo para cotización","GTI03-001","PUNTA EJE L/C. MB2600 HEMBRA TODOS 25 DTS. — GTI03-001","0","GTI03-001.jpg","","own | manufacturer | authorized-distributor","","Etiqueta, grabado o página que identifica exactamente el SKU","Pendiente","Pendiente","Pendiente"
"07","Catálogo para cotización","GTI03-002","PUNTA EJE L/C. MB2600 MACHO TODOS 25 DTS. — GTI03-002","0","GTI03-002.jpg","","own | manufacturer | authorized-distributor","","Etiqueta, grabado o página que identifica exactamente el SKU","Pendiente","Pendiente","Pendiente"
"07","Catálogo para cotización","GTI03-004","PUNTA EJE L/R. M323 T. TH. 30 DTS. PIN EXT. — GTI03-004","0","GTI03-004.jpg","","own | manufacturer | authorized-distributor","","Etiqueta, grabado o página que identifica exactamente el SKU","Pendiente","Pendiente","Pendiente"
"07","Catálogo para cotización","GTI03-005","PUNTA EJE L/R. MB2600 06/ BT-50 GAS. 25 DTS. (CON ROSCA) — GTI03-005","0","GTI03-005.jpg","","own | manufacturer | authorized-distributor","","Etiqueta, grabado o página que identifica exactamente el SKU","Pendiente","Pendiente","Pendiente"
"07","Catálogo para cotización","GTI03-006","PUNTA EJE L/R. M626 MATSURI 23 DTS. — GTI03-006","0","GTI03-006.jpg","","own | manufacturer | authorized-distributor","","Etiqueta, grabado o página que identifica exactamente el SKU","Pendiente","Pendiente","Pendiente"
"07","Catálogo para cotización","GTI03-007","PUNTA EJE L/R. M626 ASAHI 2.0 25 DTS. PIN INT. — GTI03-007","0","GTI03-007.jpg","","own | manufacturer | authorized-distributor","","Etiqueta, grabado o página que identifica exactamente el SKU","Pendiente","Pendiente","Pendiente"
"07","Catálogo para cotización","GTI03-008","PUNTA EJE L/R. M626 ASAHI 1.8 23 DTS. PIN INT. — GTI03-008","0","GTI03-008.jpg","","own | manufacturer | authorized-distributor","","Etiqueta, grabado o página que identifica exactamente el SKU","Pendiente","Pendiente","Pendiente"
"07","Catálogo para cotización","GTI03-010","PUNTA EJE L/R. M626 1.8 84/88 23 DTS. PIN INT. — GTI03-010","0","GTI03-010.jpg","","own | manufacturer | authorized-distributor","","Etiqueta, grabado o página que identifica exactamente el SKU","Pendiente","Pendiente","Pendiente"
"07","Catálogo para cotización","GTI03-012","PUNTA EJE L/R. ALLEGRO 00/ 21 DTS. — GTI03-012","0","GTI03-012.jpg","","own | manufacturer | authorized-distributor","","Etiqueta, grabado o página que identifica exactamente el SKU","Pendiente","Pendiente","Pendiente"
"08","Catálogo para cotización","GTI03-013","PUNTA EJE L/R. ALLEGRO 2000/ 28 DTS. — GTI03-013","0","GTI03-013.jpg","","own | manufacturer | authorized-distributor","","Etiqueta, grabado o página que identifica exactamente el SKU","Pendiente","Pendiente","Pendiente"
"08","Catálogo para cotización","GTI03-014","PUNTA EJE L/R. ALLEGRO 95/99 AUT. 30 DTS. — GTI03-014","0","GTI03-014.jpg","","own | manufacturer | authorized-distributor","","Etiqueta, grabado o página que identifica exactamente el SKU","Pendiente","Pendiente","Pendiente"
"08","Catálogo para cotización","GTI03-015","PUNTA EJE L/R. ALLEGRO 95/99 22 DTS. — GTI03-015","0","GTI03-015.jpg","","own | manufacturer | authorized-distributor","","Etiqueta, grabado o página que identifica exactamente el SKU","Pendiente","Pendiente","Pendiente"
"08","Catálogo para cotización","GTI03-016","PUNTA EJE L/C. M323 22.DTS — GTI03-016","0","GTI03-016.jpg","","own | manufacturer | authorized-distributor","","Etiqueta, grabado o página que identifica exactamente el SKU","Pendiente","Pendiente","Pendiente"
"08","Catálogo para cotización","GTI03-017","PUNTA EJE L/C. M626 84/92 2.0 HEMBRA — GTI03-017","0","GTI03-017.jpg","","own | manufacturer | authorized-distributor","","Etiqueta, grabado o página que identifica exactamente el SKU","Pendiente","Pendiente","Pendiente"
"08","Catálogo para cotización","GTI03-018","PUNTA EJE L/C. M626 84/92 2.0 MACHO — GTI03-018","0","GTI03-018.jpg","","own | manufacturer | authorized-distributor","","Etiqueta, grabado o página que identifica exactamente el SKU","Pendiente","Pendiente","Pendiente"
"08","Catálogo para cotización","GTI03-019","PUNTA EJE L/C. M626 84/92 1.8 HEMBRA — GTI03-019","0","GTI03-019.jpg","","own | manufacturer | authorized-distributor","","Etiqueta, grabado o página que identifica exactamente el SKU","Pendiente","Pendiente","Pendiente"
"08","Catálogo para cotización","GTI03-020","PUNTA EJE L/C. M626 84/92 1.8 MACHO — GTI03-020","0","GTI03-020.jpg","","own | manufacturer | authorized-distributor","","Etiqueta, grabado o página que identifica exactamente el SKU","Pendiente","Pendiente","Pendiente"
"08","Catálogo para cotización","GTI03-022","PUNTA EJE L/R. FORD FIESTA 1.3 20 DTS. — GTI03-022","0","GTI03-022.jpg","","own | manufacturer | authorized-distributor","","Etiqueta, grabado o página que identifica exactamente el SKU","Pendiente","Pendiente","Pendiente"
"08","Catálogo para cotización","GTI03-024","PUNTA EJE L/R. MB2600 /05 25 DTS. — GTI03-024","0","GTI03-024.jpg","","own | manufacturer | authorized-distributor","","Etiqueta, grabado o página que identifica exactamente el SKU","Pendiente","Pendiente","Pendiente"
"09","Catálogo para cotización","GTI03-025","EJE HOMOCINETICO DER. M323 — GTI03-025","0","GTI03-025.jpg","","own | manufacturer | authorized-distributor","","Etiqueta, grabado o página que identifica exactamente el SKU","Pendiente","Pendiente","Pendiente"
"09","Catálogo para cotización","GTI03-026","EJE HOMOCINETICO IZQ. M323 — GTI03-026","0","GTI03-026.jpg","","own | manufacturer | authorized-distributor","","Etiqueta, grabado o página que identifica exactamente el SKU","Pendiente","Pendiente","Pendiente"
"09","Catálogo para cotización","GTI03-027","PUNTA EJE L/R. M626 ASAHI 25 DTS. PIN EXT. — GTI03-027","0","GTI03-027.jpg","","own | manufacturer | authorized-distributor","","Etiqueta, grabado o página que identifica exactamente el SKU","Pendiente","Pendiente","Pendiente"
"09","Catálogo para cotización","GTI03-029","PUNTA EJE L/R. M626 84/89 25 DTS. PIN EXT. — GTI03-029","0","GTI03-029.jpg","","own | manufacturer | authorized-distributor","","Etiqueta, grabado o página que identifica exactamente el SKU","Pendiente","Pendiente","Pendiente"
"09","Catálogo para cotización","GTI03-031","PUNTA EJE L/R. M626 MILENIUM 30 DTS./ALLEGRO 1.8 — GTI03-031","0","GTI03-031.jpg","","own | manufacturer | authorized-distributor","","Etiqueta, grabado o página que identifica exactamente el SKU","Pendiente","Pendiente","Pendiente"
"09","Catálogo para cotización","GTI03-032","PUNTA EJE L/R. M626 MILENIUM/MAZDA 3 (23 DTS) — GTI03-032","0","GTI03-032.jpg","","own | manufacturer | authorized-distributor","","Etiqueta, grabado o página que identifica exactamente el SKU","Pendiente","Pendiente","Pendiente"
"09","Catálogo para cotización","GTI03-033","PUNTA EJE L/C. M323 ECUATORIANO — GTI03-033","0","GTI03-033.jpg","","own | manufacturer | authorized-distributor","","Etiqueta, grabado o página que identifica exactamente el SKU","Pendiente","Pendiente","Pendiente"
"09","Catálogo para cotización","GTI03-035","PUNTA EJE L/C. IZQ. 626 MATSURI — GTI03-035","0","GTI03-035.jpg","","own | manufacturer | authorized-distributor","","Etiqueta, grabado o página que identifica exactamente el SKU","Pendiente","Pendiente","Pendiente"
"09","Catálogo para cotización","GTI03-036","PUNTA EJE L/C. DER. 626 MATSURI — GTI03-036","0","GTI03-036.jpg","","own | manufacturer | authorized-distributor","","Etiqueta, grabado o página que identifica exactamente el SKU","Pendiente","Pendiente","Pendiente"
"09","Catálogo para cotización","GTI03-039","PUNTA EJE L/R. MAZDA 6 32 DTS. — GTI03-039","0","GTI03-039.jpg","","own | manufacturer | authorized-distributor","","Etiqueta, grabado o página que identifica exactamente el SKU","Pendiente","Pendiente","Pendiente"
"10","Catálogo para cotización","GTI03-040","PUNTA EJE L/R. MAZDA 3 DE TORNILLO AUTOMATICO — GTI03-040","0","GTI03-040.jpg","","own | manufacturer | authorized-distributor","","Etiqueta, grabado o página que identifica exactamente el SKU","Pendiente","Pendiente","Pendiente"
"10","Catálogo para cotización","GTI03-041","PUNTA EJE L/C. IZQ. M626 MILENIUM MANUAL (MACHO) — GTI03-041","0","GTI03-041.jpg","","own | manufacturer | authorized-distributor","","Etiqueta, grabado o página que identifica exactamente el SKU","Pendiente","Pendiente","Pendiente"
"10","Catálogo para cotización","GTI03-042","PUNTA EJE L/C. DER. M626 MILENIUM MANUAL (HEMBRA) — GTI03-042","0","GTI03-042.jpg","","own | manufacturer | authorized-distributor","","Etiqueta, grabado o página que identifica exactamente el SKU","Pendiente","Pendiente","Pendiente"
"10","Catálogo para cotización","GTI03-043","PUNTA EJE L/C. DER. M626 MILENIUM AUT. (HEMBRA) — GTI03-043","0","GTI03-043.jpg","","own | manufacturer | authorized-distributor","","Etiqueta, grabado o página que identifica exactamente el SKU","Pendiente","Pendiente","Pendiente"
"10","Catálogo para cotización","GTI03-044","PUNTA EJE L/C. IZQ. M626 MILENIUM AUT. (MACHO) — GTI03-044","0","GTI03-044.jpg","","own | manufacturer | authorized-distributor","","Etiqueta, grabado o página que identifica exactamente el SKU","Pendiente","Pendiente","Pendiente"
"10","Catálogo para cotización","GTI03-045","PUNTA EJE L/C. KIA RIO 1.3 21 DTS. — GTI03-045","0","GTI03-045.jpg","","own | manufacturer | authorized-distributor","","Etiqueta, grabado o página que identifica exactamente el SKU","Pendiente","Pendiente","Pendiente"
"10","Catálogo para cotización","GTI03-047","EJE HOMOCINETICO IZQ. MAZDA BT-50 GAS. (HEMBRA) — GTI03-047","0","GTI03-047.jpg","","own | manufacturer | authorized-distributor","","Etiqueta, grabado o página que identifica exactamente el SKU","Pendiente","Pendiente","Pendiente"
"10","Catálogo para cotización","GTI03-048","EJE HOMOCINETICO DER. MAZDA BT-50 GAS. (MACHO) — GTI03-048","0","GTI03-048.jpg","","own | manufacturer | authorized-distributor","","Etiqueta, grabado o página que identifica exactamente el SKU","Pendiente","Pendiente","Pendiente"
"10","Catálogo para cotización","GTI03-049","PUNTA EJE L/R. KIA GRAN CARNIVAL MECANICA 28 DTS 28x31 — GTI03-049","0","GTI03-049.jpg","","own | manufacturer | authorized-distributor","","Etiqueta, grabado o página que identifica exactamente el SKU","Pendiente","Pendiente","Pendiente"
"10","Catálogo para cotización","GTI03-051","EJE HOMOCINETICO IZQ. MAZDA BT-50 DIESEL 2010/ — GTI03-051","0","GTI03-051.jpg","","own | manufacturer | authorized-distributor","","Etiqueta, grabado o página que identifica exactamente el SKU","Pendiente","Pendiente","Pendiente"
"11","Catálogo para cotización","GTI03-052","EJE HOMOCINETICO DER. MAZDA BT-50 DIESEL 2010/ — GTI03-052","0","GTI03-052.jpg","","own | manufacturer | authorized-distributor","","Etiqueta, grabado o página que identifica exactamente el SKU","Pendiente","Pendiente","Pendiente"
"11","Catálogo para cotización","GTI03-053","PUNTA EJE L/C. IZQ. MAZDA BT-50 DIESEL 2010/ (HEMBRA) — GTI03-053","0","GTI03-053.jpg","","own | manufacturer | authorized-distributor","","Etiqueta, grabado o página que identifica exactamente el SKU","Pendiente","Pendiente","Pendiente"
"11","Catálogo para cotización","GTI03-054","PUNTA EJE L/C. DER. MAZDA BT-50 DIESEL 2010/ (MACHO) — GTI03-054","0","GTI03-054.jpg","","own | manufacturer | authorized-distributor","","Etiqueta, grabado o página que identifica exactamente el SKU","Pendiente","Pendiente","Pendiente"
"11","Catálogo para cotización","GTI03-055","PUNTA EJE L/R. MAZDA BT-50 DIESEL 2010/ — GTI03-055","0","GTI03-055.jpg","","own | manufacturer | authorized-distributor","","Etiqueta, grabado o página que identifica exactamente el SKU","Pendiente","Pendiente","Pendiente"
"11","Catálogo para cotización","GTI03-057","EJE INTERCONECCION MB2600/BT-50 GASOLINA — GTI03-057","0","GTI03-057.jpg","","own | manufacturer | authorized-distributor","","Etiqueta, grabado o página que identifica exactamente el SKU","Pendiente","Pendiente","Pendiente"
"11","Catálogo para cotización","GTI03-058","PUNTA EJE L/R. MAZDA 3 22 DTS. CON ABS — GTI03-058","0","GTI03-058.jpg","","own | manufacturer | authorized-distributor","","Etiqueta, grabado o página que identifica exactamente el SKU","Pendiente","Pendiente","Pendiente"
"11","Catálogo para cotización","GTI03-059","PUNTA EJE L/R. MAZDA 6/FORD FUSION 33 DTS. PIN EXT. — GTI03-059","0","GTI03-059.jpg","","own | manufacturer | authorized-distributor","","Etiqueta, grabado o página que identifica exactamente el SKU","Pendiente","Pendiente","Pendiente"
"11","Catálogo para cotización","GTI03-060","PUNTA EJE L/C. DER. MAZDA 6 (HEMBRA) — GTI03-060","0","GTI03-060.jpg","","own | manufacturer | authorized-distributor","","Etiqueta, grabado o página que identifica exactamente el SKU","Pendiente","Pendiente","Pendiente"
"11","Catálogo para cotización","GTI03-062","PUNTA EJE L/R. MAZDA 3 24 DTS. — GTI03-062","0","GTI03-062.jpg","","own | manufacturer | authorized-distributor","","Etiqueta, grabado o página que identifica exactamente el SKU","Pendiente","Pendiente","Pendiente"
"11","Catálogo para cotización","GTI03-063","EJE INTERCONECCION MAZDA BT-50 DIESEL — GTI03-063","0","GTI03-063.jpg","","own | manufacturer | authorized-distributor","","Etiqueta, grabado o página que identifica exactamente el SKU","Pendiente","Pendiente","Pendiente"
"12","Catálogo para cotización","GTI03-064","PUNTA EJE L/C. DER. ALLEGRO (HEMBRA) — GTI03-064","0","GTI03-064.jpg","","own | manufacturer | authorized-distributor","","Etiqueta, grabado o página que identifica exactamente el SKU","Pendiente","Pendiente","Pendiente"
"12","Catálogo para cotización","GTI03-065","PUNTA EJE L/C. IZQ. MAZDA 3 AUTOMATICO (MACHO) — GTI03-065","0","GTI03-065.jpg","","own | manufacturer | authorized-distributor","","Etiqueta, grabado o página que identifica exactamente el SKU","Pendiente","Pendiente","Pendiente"
"12","Catálogo para cotización","GTI03-067","EJE HOMOCINETICO IZQ. MAZDA 3 MANUAL — GTI03-067","0","GTI03-067.jpg","","own | manufacturer | authorized-distributor","","Etiqueta, grabado o página que identifica exactamente el SKU","Pendiente","Pendiente","Pendiente"
"12","Catálogo para cotización","GTI03-068","PUNTA EJE L/C. M121 — GTI03-068","0","GTI03-068.jpg","","own | manufacturer | authorized-distributor","","Etiqueta, grabado o página que identifica exactamente el SKU","Pendiente","Pendiente","Pendiente"
"12","Catálogo para cotización","GTI03-069","PUNTA EJE L/R. MAZDA DEMIO — GTI03-069","0","GTI03-069.jpg","","own | manufacturer | authorized-distributor","","Etiqueta, grabado o página que identifica exactamente el SKU","Pendiente","Pendiente","Pendiente"
"12","Catálogo para cotización","GTI03-070","EJE HOMOCINETICO IZQ. MAZDA 3 DE TORNILLO AUTOMATICO — GTI03-070","0","GTI03-070.jpg","","own | manufacturer | authorized-distributor","","Etiqueta, grabado o página que identifica exactamente el SKU","Pendiente","Pendiente","Pendiente"
"12","Catálogo para cotización","GTI03-073","PUNTA EJE L/C. IZQ. ALLEGRO 22 DTS. (MACHO) — GTI03-073","0","GTI03-073.jpg","","own | manufacturer | authorized-distributor","","Etiqueta, grabado o página que identifica exactamente el SKU","Pendiente","Pendiente","Pendiente"
"12","Catálogo para cotización","GTI03-075","EJE HOMOCINETICO IZQ. MAZDA 3/MAZDA 3 ALL NEW TRIPTONICO — GTI03-075","0","GTI03-075.jpg","","own | manufacturer | authorized-distributor","","Etiqueta, grabado o página que identifica exactamente el SKU","Pendiente","Pendiente","Pendiente"
"12","Catálogo para cotización","GTI03-076","EJE HOMOCINETICO DER. MAZDA 626 ASAHI 2.0 — GTI03-076","0","GTI03-076.jpg","","own | manufacturer | authorized-distributor","","Etiqueta, grabado o página que identifica exactamente el SKU","Pendiente","Pendiente","Pendiente"
"12","Catálogo para cotización","GTI03-077","EJE HOMOCINETICO IZQ. MAZDA 626 ASAHI 2.0 — GTI03-077","0","GTI03-077.jpg","","own | manufacturer | authorized-distributor","","Etiqueta, grabado o página que identifica exactamente el SKU","Pendiente","Pendiente","Pendiente"
"13","Catálogo para cotización","GTI03-079","PUNTA EJE L/C. DER. MAZDA 3 MECANICO (HEMBRA) — GTI03-079","0","GTI03-079.jpg","","own | manufacturer | authorized-distributor","","Etiqueta, grabado o página que identifica exactamente el SKU","Pendiente","Pendiente","Pendiente"
"13","Catálogo para cotización","GTI03-080","PUNTA EJE L/C. IZQ. MAZDA 3 MECANICO (MACHO) — GTI03-080","0","GTI03-080.jpg","","own | manufacturer | authorized-distributor","","Etiqueta, grabado o página que identifica exactamente el SKU","Pendiente","Pendiente","Pendiente"
"13","Catálogo para cotización","GTI03-081","PUNTA EJE L/R. MAZDA 3 1.6 — GTI03-081","0","GTI03-081.jpg","","own | manufacturer | authorized-distributor","","Etiqueta, grabado o página que identifica exactamente el SKU","Pendiente","Pendiente","Pendiente"
"13","Catálogo para cotización","GTI03-082","EJE HOMOCINETICO DER. MAZDA 3 DE TORNILLO AUTOMATICO — GTI03-082","0","GTI03-082.jpg","","own | manufacturer | authorized-distributor","","Etiqueta, grabado o página que identifica exactamente el SKU","Pendiente","Pendiente","Pendiente"
"13","Catálogo para cotización","GTI03-083","EJE HOMOCINETICO IZQ. MAZDA BT-50/FORD RANGER 2.5 DIESEL 4X4 — GTI03-083","0","GTI03-083.jpg","","own | manufacturer | authorized-distributor","","Etiqueta, grabado o página que identifica exactamente el SKU","Pendiente","Pendiente","Pendiente"
"13","Catálogo para cotización","GTI03-084","EJE HOMOCINETICO DER. MAZDA BT-50/FORD RANGER 2.5 DIESEL 4X4 — GTI03-084","0","GTI03-084.jpg","","own | manufacturer | authorized-distributor","","Etiqueta, grabado o página que identifica exactamente el SKU","Pendiente","Pendiente","Pendiente"
"13","Catálogo para cotización","GTI03-085","PUNTA EJE L/R. MAZDA BT-50/FORD RANGER 2.5 DIESEL 4X4 — GTI03-085","0","GTI03-085.jpg","","own | manufacturer | authorized-distributor","","Etiqueta, grabado o página que identifica exactamente el SKU","Pendiente","Pendiente","Pendiente"
"13","Catálogo para cotización","GTI03-087","PUNTA EJE L/C. DER. MAZDA BT-50/FORD RANGER 2.5 DIESEL 4X4 (MACHO) — GTI03-087","0","GTI03-087.jpg","","own | manufacturer | authorized-distributor","","Etiqueta, grabado o página que identifica exactamente el SKU","Pendiente","Pendiente","Pendiente"
"13","Catálogo para cotización","GTI04-003","PUNTA EJE L/R. MONZA 1.8/2.0 25 DTS. — GTI04-003","0","GTI04-003.jpg","","own | manufacturer | authorized-distributor","","Etiqueta, grabado o página que identifica exactamente el SKU","Pendiente","Pendiente","Pendiente"
"13","Catálogo para cotización","GTI04-004","PUNTA EJE L/R. SPRINT T. NTN PIN INT. 19 DTS. — GTI04-004","0","GTI04-004.jpg","","own | manufacturer | authorized-distributor","","Etiqueta, grabado o página que identifica exactamente el SKU","Pendiente","Pendiente","Pendiente"
"14","Catálogo para cotización","GTI04-005","PUNTA EJE L/R. SPRINT T. TH. PIN EXT. 20 DTS. — GTI04-005","0","GTI04-005.jpg","","own | manufacturer | authorized-distributor","","Etiqueta, grabado o página que identifica exactamente el SKU","Pendiente","Pendiente","Pendiente"
"14","Catálogo para cotización","GTI04-006","PUNTA EJE L/R. SWIFT 1.3 T. NTN PIN INT. 19 DTS. — GTI04-006","0","GTI04-006.jpg","","own | manufacturer | authorized-distributor","","Etiqueta, grabado o página que identifica exactamente el SKU","Pendiente","Pendiente","Pendiente"
"14","Catálogo para cotización","GTI04-007","PUNTA EJE L/R. SWIFT 1.3 T. TH. PIN EXT. 20 DTS. — GTI04-007","0","GTI04-007.jpg","","own | manufacturer | authorized-distributor","","Etiqueta, grabado o página que identifica exactamente el SKU","Pendiente","Pendiente","Pendiente"
"14","Catálogo para cotización","GTI04-008","PUNTA EJE L/R. SWIFT 1.6 22 DTS. — GTI04-008","0","GTI04-008.jpg","","own | manufacturer | authorized-distributor","","Etiqueta, grabado o página que identifica exactamente el SKU","Pendiente","Pendiente","Pendiente"
"14","Catálogo para cotización","GTI04-009","PUNTA EJE L/R. STEEM 1.3 19 DTS. — GTI04-009","0","GTI04-009.jpg","","own | manufacturer | authorized-distributor","","Etiqueta, grabado o página que identifica exactamente el SKU","Pendiente","Pendiente","Pendiente"
"14","Catálogo para cotización","GTI04-010","PUNTA EJE L/R. STEEM 1.6 21 DTS. — GTI04-010","0","GTI04-010.jpg","","own | manufacturer | authorized-distributor","","Etiqueta, grabado o página que identifica exactamente el SKU","Pendiente","Pendiente","Pendiente"
"14","Catálogo para cotización","GTI04-011","PUNTA EJE L/R. STEEM 1.6 20 DTS. — GTI04-011","0","GTI04-011.jpg","","own | manufacturer | authorized-distributor","","Etiqueta, grabado o página que identifica exactamente el SKU","Pendiente","Pendiente","Pendiente"
"14","Catálogo para cotización","GTI04-012","PUNTA EJE L/R. TROOPER 26 DTS. — GTI04-012","0","GTI04-012.jpg","","own | manufacturer | authorized-distributor","","Etiqueta, grabado o página que identifica exactamente el SKU","Pendiente","Pendiente","Pendiente"
"14","Catálogo para cotización","GTI04-013","PUNTA EJE L/R. LUV 2.3 23 DTS. — GTI04-013","0","GTI04-013.jpg","","own | manufacturer | authorized-distributor","","Etiqueta, grabado o página que identifica exactamente el SKU","Pendiente","Pendiente","Pendiente"
"14","Catálogo para cotización","GTI04-014","PUNTA EJE L/C. DER. SWIFT 1.3 HEMBRA T. NTN — GTI04-014","0","GTI04-014.jpg","","own | manufacturer | authorized-distributor","","Etiqueta, grabado o página que identifica exactamente el SKU","Pendiente","Pendiente","Pendiente"
"15","Catálogo para cotización","GTI04-015","PUNTA EJE L/C. IZQ. SWIFT 1.3 MACHO T. NTN — GTI04-015","0","GTI04-015.jpg","","own | manufacturer | authorized-distributor","","Etiqueta, grabado o página que identifica exactamente el SKU","Pendiente","Pendiente","Pendiente"
"15","Catálogo para cotización","GTI04-016","PUNTA EJE L/C. SPRINT (CON TRICETA) (19 DTS) — GTI04-016","0","GTI04-016.jpg","","own | manufacturer | authorized-distributor","","Etiqueta, grabado o página que identifica exactamente el SKU","Pendiente","Pendiente","Pendiente"
"15","Catálogo para cotización","GTI04-017","PUNTA EJE L/R. LUV 1.6 23 DTS. — GTI04-017","0","GTI04-017.jpg","","own | manufacturer | authorized-distributor","","Etiqueta, grabado o página que identifica exactamente el SKU","Pendiente","Pendiente","Pendiente"
"15","Catálogo para cotización","GTI04-018","EJE HOMOCINETICO DER. SWIFT 1.3 — GTI04-018","0","GTI04-018.jpg","","own | manufacturer | authorized-distributor","","Etiqueta, grabado o página que identifica exactamente el SKU","Pendiente","Pendiente","Pendiente"
"15","Catálogo para cotización","GTI04-019","EJE HOMOCINETICO IZQ. SWIFT 1.3 — GTI04-019","0","GTI04-019.jpg","","own | manufacturer | authorized-distributor","","Etiqueta, grabado o página que identifica exactamente el SKU","Pendiente","Pendiente","Pendiente"
"15","Catálogo para cotización","GTI04-020","PUNTA EJE L/R. CHEV. ALTO/WAGON R 19 DTS. — GTI04-020","0","GTI04-020.jpg","","own | manufacturer | authorized-distributor","","Etiqueta, grabado o página que identifica exactamente el SKU","Pendiente","Pendiente","Pendiente"
"15","Catálogo para cotización","GTI04-021","PUNTA EJE L/R. SWIFT 1.6 VENEZOLANO 22 DTS. — GTI04-021","0","GTI04-021.jpg","","own | manufacturer | authorized-distributor","","Etiqueta, grabado o página que identifica exactamente el SKU","Pendiente","Pendiente","Pendiente"
"15","Catálogo para cotización","GTI04-022","TRICETA EJE SPRINT 19 ESTRIAS AGUJAS — GTI04-022","0","GTI04-022.jpg","","own | manufacturer | authorized-distributor","","Etiqueta, grabado o página que identifica exactamente el SKU","Pendiente","Pendiente","Pendiente"
"15","Catálogo para cotización","GTI04-023","PUNTA EJE L/R. VITARA 22 DTS. — GTI04-023","0","GTI04-023.jpg","","own | manufacturer | authorized-distributor","","Etiqueta, grabado o página que identifica exactamente el SKU","Pendiente","Pendiente","Pendiente"
"15","Catálogo para cotización","GTI04-026","PUNTA EJE L/C. IZQ. SWIFT 1.6 — GTI04-026","0","GTI04-026.jpg","","own | manufacturer | authorized-distributor","","Etiqueta, grabado o página que identifica exactamente el SKU","Pendiente","Pendiente","Pendiente"
"16","Catálogo para cotización","GTI04-027","PUNTA EJE L/C. DER. SWIFT 1.6 — GTI04-027","0","GTI04-027.jpg","","own | manufacturer | authorized-distributor","","Etiqueta, grabado o página que identifica exactamente el SKU","Pendiente","Pendiente","Pendiente"
"16","Catálogo para cotización","GTI04-028","PUNTA EJE L/R. SPARK/CRONOS/DW. MATIZ/TICO 19 DTS. — GTI04-028","0","GTI04-028.jpg","","own | manufacturer | authorized-distributor","","Etiqueta, grabado o página que identifica exactamente el SKU","Pendiente","Pendiente","Pendiente"
"16","Catálogo para cotización","GTI04-030","EJE HOMOCINETICO IZQ. SPRINT N. DISENO — GTI04-030","0","GTI04-030.jpg","","own | manufacturer | authorized-distributor","","Etiqueta, grabado o página que identifica exactamente el SKU","Pendiente","Pendiente","Pendiente"
"16","Catálogo para cotización","GTI04-031","EJE HOMOCINETICO DER. SPRINT N. DISEÑO — GTI04-031","0","GTI04-031.jpg","","own | manufacturer | authorized-distributor","","Etiqueta, grabado o página que identifica exactamente el SKU","Pendiente","Pendiente","Pendiente"
"16","Catálogo para cotización","GTI04-032","PUNTA EJE L/C. SPRINT NUEVO DISEÑO MACHO — GTI04-032","0","GTI04-032.jpg","","own | manufacturer | authorized-distributor","","Etiqueta, grabado o página que identifica exactamente el SKU","Pendiente","Pendiente","Pendiente"
"16","Catálogo para cotización","GTI04-033","PUNTA EJE L/C. DER. SWIFT 1.3 NUEVO DISEÑO (HEMBRA) — GTI04-033","0","GTI04-033.jpg","","own | manufacturer | authorized-distributor","","Etiqueta, grabado o página que identifica exactamente el SKU","Pendiente","Pendiente","Pendiente"
"16","Catálogo para cotización","GTI04-034","PUNTA EJE L/R. CORSA EVOLUTION/DW. LANOS 22 DTS. T. KOREA — GTI04-034","0","GTI04-034.jpg","","own | manufacturer | authorized-distributor","","Etiqueta, grabado o página que identifica exactamente el SKU","Pendiente","Pendiente","Pendiente"
"16","Catálogo para cotización","GTI04-036","EJE HOMOCINETICO DER. SWIFT 1.3 N. DISENO — GTI04-036","0","GTI04-036.jpg","","own | manufacturer | authorized-distributor","","Etiqueta, grabado o página que identifica exactamente el SKU","Pendiente","Pendiente","Pendiente"
"16","Catálogo para cotización","GTI04-037","EJE HOMOCINETICO IZQ. SWIFT 1.3 N. DISEÑO — GTI04-037","0","GTI04-037.jpg","","own | manufacturer | authorized-distributor","","Etiqueta, grabado o página que identifica exactamente el SKU","Pendiente","Pendiente","Pendiente"
"16","Catálogo para cotización","GTI04-038","PUNTA EJE L/R. AVEO/SAIL SIN ABS 23 DTS. — GTI04-038","0","GTI04-038.jpg","","own | manufacturer | authorized-distributor","","Etiqueta, grabado o página que identifica exactamente el SKU","Pendiente","Pendiente","Pendiente"
"17","Catálogo para cotización","GTI04-039","PUNTA EJE L/R. AVEO/SAIL CON ABS 23 DTS. — GTI04-039","0","GTI04-039.jpg","","own | manufacturer | authorized-distributor","","Etiqueta, grabado o página que identifica exactamente el SKU","Pendiente","Pendiente","Pendiente"
"17","Catálogo para cotización","GTI04-040","EJE HOMOCINETICO IZQ. SPARK/CRONOS — GTI04-040","0","GTI04-040.jpg","","own | manufacturer | authorized-distributor","","Etiqueta, grabado o página que identifica exactamente el SKU","Pendiente","Pendiente","Pendiente"
"17","Catálogo para cotización","GTI04-041","EJE HOMOCINETICO DER. SPARK/CRONOS — GTI04-041","0","GTI04-041.jpg","","own | manufacturer | authorized-distributor","","Etiqueta, grabado o página que identifica exactamente el SKU","Pendiente","Pendiente","Pendiente"
"17","Catálogo para cotización","GTI04-043","PUNTA EJE L/C. AVEO/OPTRA 1.4 MEC. Y AUT. — GTI04-043","0","GTI04-043.jpg","","own | manufacturer | authorized-distributor","","Etiqueta, grabado o página que identifica exactamente el SKU","Pendiente","Pendiente","Pendiente"
"17","Catálogo para cotización","GTI04-044","PUNTA EJE L/C. CORSA EVOLUTION — GTI04-044","0","GTI04-044.jpg","","own | manufacturer | authorized-distributor","","Etiqueta, grabado o página que identifica exactamente el SKU","Pendiente","Pendiente","Pendiente"
"17","Catálogo para cotización","GTI04-045","PUNTA EJE L/R. GRAND VITARA 29 DTS. — GTI04-045","0","GTI04-045.jpg","","own | manufacturer | authorized-distributor","","Etiqueta, grabado o página que identifica exactamente el SKU","Pendiente","Pendiente","Pendiente"
"17","Catálogo para cotización","GTI04-047","PUNTA EJE L/R. OPTRA 1.8/VIVANT 29 DTS. — GTI04-047","0","GTI04-047.jpg","","own | manufacturer | authorized-distributor","","Etiqueta, grabado o página que identifica exactamente el SKU","Pendiente","Pendiente","Pendiente"
"17","Catálogo para cotización","GTI04-048","PUNTA EJE L/R. GRAND VITARA 06/ 24 DTS. — GTI04-048","0","GTI04-048.jpg","","own | manufacturer | authorized-distributor","","Etiqueta, grabado o página que identifica exactamente el SKU","Pendiente","Pendiente","Pendiente"
"17","Catálogo para cotización","GTI04-049","PUNTA EJE L/C. DER. LUV 1.6/2.3 LARGA — GTI04-049","0","GTI04-049.jpg","","own | manufacturer | authorized-distributor","","Etiqueta, grabado o página que identifica exactamente el SKU","Pendiente","Pendiente","Pendiente"
"17","Catálogo para cotización","GTI04-050","PUNTA EJE L/C. IZQ. LUV 1.6/2.3 CORTA — GTI04-050","0","GTI04-050.jpg","","own | manufacturer | authorized-distributor","","Etiqueta, grabado o página que identifica exactamente el SKU","Pendiente","Pendiente","Pendiente"
"18","Catálogo para cotización","GTI04-051","EJE HOMOCINETICO LUV 2.3 DER. (LARGO) — GTI04-051","0","GTI04-051.jpg","","own | manufacturer | authorized-distributor","","Etiqueta, grabado o página que identifica exactamente el SKU","Pendiente","Pendiente","Pendiente"
"18","Catálogo para cotización","GTI04-052","EJE HOMOCINETICO LUV 2.3 IZQ. (CORTO) — GTI04-052","0","GTI04-052.jpg","","own | manufacturer | authorized-distributor","","Etiqueta, grabado o página que identifica exactamente el SKU","Pendiente","Pendiente","Pendiente"
"18","Catálogo para cotización","GTI04-053","PUNTA EJE L/R. OPTRA 22 DTS. PIN EXT. — GTI04-053","0","GTI04-053.jpg","","own | manufacturer | authorized-distributor","","Etiqueta, grabado o página que identifica exactamente el SKU","Pendiente","Pendiente","Pendiente"
"18","Catálogo para cotización","GTI04-054","PUNTA EJE L/R. CRONOS 21 DTS. — GTI04-054","0","GTI04-054.jpg","","own | manufacturer | authorized-distributor","","Etiqueta, grabado o página que identifica exactamente el SKU","Pendiente","Pendiente","Pendiente"
"18","Catálogo para cotización","GTI04-056","EJE HOMOCINETICO LUV 1.6 (LARGO) — GTI04-056","0","GTI04-056.jpg","","own | manufacturer | authorized-distributor","","Etiqueta, grabado o página que identifica exactamente el SKU","Pendiente","Pendiente","Pendiente"
"18","Catálogo para cotización","GTI04-057","EJE HOMOCINETICO LUV 1.6 (CORTO) — GTI04-057","0","GTI04-057.jpg","","own | manufacturer | authorized-distributor","","Etiqueta, grabado o página que identifica exactamente el SKU","Pendiente","Pendiente","Pendiente"
"18","Catálogo para cotización","GTI04-058","EJE HOMOCINETICO D-MAX 2010/ SIN TETA — GTI04-058","0","GTI04-058.jpg","","own | manufacturer | authorized-distributor","","Etiqueta, grabado o página que identifica exactamente el SKU","Pendiente","Pendiente","Pendiente"
"18","Catálogo para cotización","GTI04-059","PUNTA EJE L/R. D-MAX 2010/ SIN TETA — GTI04-059","0","GTI04-059.jpg","","own | manufacturer | authorized-distributor","","Etiqueta, grabado o página que identifica exactamente el SKU","Pendiente","Pendiente","Pendiente"
"18","Catálogo para cotización","GTI04-060","PUNTA EJE L/C. STEEM AUTOMATICO — GTI04-060","0","GTI04-060.jpg","","own | manufacturer | authorized-distributor","","Etiqueta, grabado o página que identifica exactamente el SKU","Pendiente","Pendiente","Pendiente"
"18","Catálogo para cotización","GTI04-061","PUNTA EJE L/C. DER. STEEM 1.3/1.6 21 DIENTES (HEMBRA) — GTI04-061","0","GTI04-061.jpg","","own | manufacturer | authorized-distributor","","Etiqueta, grabado o página que identifica exactamente el SKU","Pendiente","Pendiente","Pendiente"
"19","Catálogo para cotización","GTI04-062","PUNTA EJE L/C. IZQ. STEEM 1.3/1.6 21 DIENTES (MACHO) — GTI04-062","0","GTI04-062.jpg","","own | manufacturer | authorized-distributor","","Etiqueta, grabado o página que identifica exactamente el SKU","Pendiente","Pendiente","Pendiente"
"19","Catálogo para cotización","GTI04-063","EJE HOMOCINETICO DER. SPARK GT — GTI04-063","0","GTI04-063.jpg","","own | manufacturer | authorized-distributor","","Etiqueta, grabado o página que identifica exactamente el SKU","Pendiente","Pendiente","Pendiente"
"19","Catálogo para cotización","GTI04-064","EJE HOMOCINETICO IZQ. SPARK GT — GTI04-064","0","GTI04-064.jpg","","own | manufacturer | authorized-distributor","","Etiqueta, grabado o página que identifica exactamente el SKU","Pendiente","Pendiente","Pendiente"
"19","Catálogo para cotización","GTI04-065","PUNTA EJE L/R. SPARK GT — GTI04-065","0","GTI04-065.jpg","","own | manufacturer | authorized-distributor","","Etiqueta, grabado o página que identifica exactamente el SKU","Pendiente","Pendiente","Pendiente"
"19","Catálogo para cotización","GTI04-067","EJE HOMOCINETICO IZQ. CAPTIVA 2.4 AUTOMATICA — GTI04-067","0","GTI04-067.jpg","","own | manufacturer | authorized-distributor","","Etiqueta, grabado o página que identifica exactamente el SKU","Pendiente","Pendiente","Pendiente"
"19","Catálogo para cotización","GTI04-068","EJE HOMOCINETICO CAPTIVA 2.4 MECANICA — GTI04-068","0","GTI04-068.jpg","","own | manufacturer | authorized-distributor","","Etiqueta, grabado o página que identifica exactamente el SKU","Pendiente","Pendiente","Pendiente"
"19","Catálogo para cotización","GTI04-069","PUNTA EJE L/R. CAPTIVA 24 DTS — GTI04-069","0","GTI04-069.jpg","","own | manufacturer | authorized-distributor","","Etiqueta, grabado o página que identifica exactamente el SKU","Pendiente","Pendiente","Pendiente"
"19","Catálogo para cotización","GTI04-070","PUNTA EJE L/C. DER. CAPTIVA 2.4 AUTOMATICA (MACHO) — GTI04-070","0","GTI04-070.jpg","","own | manufacturer | authorized-distributor","","Etiqueta, grabado o página que identifica exactamente el SKU","Pendiente","Pendiente","Pendiente"
"19","Catálogo para cotización","GTI04-071","PUNTA EJE L/C. IZQ. CAPTIVA 2.4 AUTOMATICA (HEMBRA) — GTI04-071","0","GTI04-071.jpg","","own | manufacturer | authorized-distributor","","Etiqueta, grabado o página que identifica exactamente el SKU","Pendiente","Pendiente","Pendiente"
"19","Catálogo para cotización","GTI04-073","PUNTA EJE L/C. CAPTIVA MECANICA — GTI04-073","0","GTI04-073.jpg","","own | manufacturer | authorized-distributor","","Etiqueta, grabado o página que identifica exactamente el SKU","Pendiente","Pendiente","Pendiente"
"20","Catálogo para cotización","GTI04-074","EJE HOMOCINETICO DER. CORSA — GTI04-074","0","GTI04-074.jpg","","own | manufacturer | authorized-distributor","","Etiqueta, grabado o página que identifica exactamente el SKU","Pendiente","Pendiente","Pendiente"
"20","Catálogo para cotización","GTI04-075","EJE HOMOCINETICO IZQ. CORSA — GTI04-075","0","GTI04-075.jpg","","own | manufacturer | authorized-distributor","","Etiqueta, grabado o página que identifica exactamente el SKU","Pendiente","Pendiente","Pendiente"
"20","Catálogo para cotización","GTI04-076","EJE HOMOCINETICO IZQ. OPTRA 1.4 SIN ABS — GTI04-076","0","GTI04-076.jpg","","own | manufacturer | authorized-distributor","","Etiqueta, grabado o página que identifica exactamente el SKU","Pendiente","Pendiente","Pendiente"
"20","Catálogo para cotización","GTI04-077","EJE HOMOCINETICO DER. OPTRA 1.4 SIN ABS — GTI04-077","0","GTI04-077.jpg","","own | manufacturer | authorized-distributor","","Etiqueta, grabado o página que identifica exactamente el SKU","Pendiente","Pendiente","Pendiente"
"20","Catálogo para cotización","GTI04-078","EJE HOMOCINETICO TRAS. GRAND VITARA SZ 2.7 4X4 MT/AT 2007/ (6 HUECOS) — GTI04-078","0","GTI04-078.jpg","","own | manufacturer | authorized-distributor","","Etiqueta, grabado o página que identifica exactamente el SKU","Pendiente","Pendiente","Pendiente"
"20","Catálogo para cotización","GTI04-079","PUNTA EJE L/R. TRAS. GRAND VITARA SZ — GTI04-079","0","GTI04-079.jpg","","own | manufacturer | authorized-distributor","","Etiqueta, grabado o página que identifica exactamente el SKU","Pendiente","Pendiente","Pendiente"
"20","Catálogo para cotización","GTI04-080","PUNTA EJE L/C. TRAS. GRAND VITARA SZ — GTI04-080","0","GTI04-080.jpg","","own | manufacturer | authorized-distributor","","Etiqueta, grabado o página que identifica exactamente el SKU","Pendiente","Pendiente","Pendiente"
"20","Catálogo para cotización","GTI04-081","PUNTA EJE L/R. EPICA — GTI04-081","0","GTI04-081.jpg","","own | manufacturer | authorized-distributor","","Etiqueta, grabado o página que identifica exactamente el SKU","Pendiente","Pendiente","Pendiente"
"20","Catálogo para cotización","GTI04-082","PUNTA EJE L/R. EPICA — GTI04-082","0","GTI04-082.jpg","","own | manufacturer | authorized-distributor","","Etiqueta, grabado o página que identifica exactamente el SKU","Pendiente","Pendiente","Pendiente"
"20","Catálogo para cotización","GTI04-083","EJE HOMOCINETICO IZQ. SAIL — GTI04-083","0","GTI04-083.jpg","","own | manufacturer | authorized-distributor","","Etiqueta, grabado o página que identifica exactamente el SKU","Pendiente","Pendiente","Pendiente"
"21","Catálogo para cotización","GTI04-084","EJE HOMOCINETICO DER. SAIL — GTI04-084","0","GTI04-084.jpg","","own | manufacturer | authorized-distributor","","Etiqueta, grabado o página que identifica exactamente el SKU","Pendiente","Pendiente","Pendiente"
"21","Catálogo para cotización","GTI04-085","EJE HOMOCINETICO IZQ. COBALT — GTI04-085","0","GTI04-085.jpg","","own | manufacturer | authorized-distributor","","Etiqueta, grabado o página que identifica exactamente el SKU","Pendiente","Pendiente","Pendiente"
"21","Catálogo para cotización","GTI04-086","EJE HOMOCINETICO DER. COBALT — GTI04-086","0","GTI04-086.jpg","","own | manufacturer | authorized-distributor","","Etiqueta, grabado o página que identifica exactamente el SKU","Pendiente","Pendiente","Pendiente"
"21","Catálogo para cotización","GTI04-087","PUNTA EJE L/R. SAIL 23 DTS CON ABS — GTI04-087","0","GTI04-087.jpg","","own | manufacturer | authorized-distributor","","Etiqueta, grabado o página que identifica exactamente el SKU","Pendiente","Pendiente","Pendiente"
"21","Catálogo para cotización","GTI04-091","EJE HOMOCINETICO DEL. DER. GRAND VITARA SZ 2.7 08/2011 — GTI04-091","0","GTI04-091.jpg","","own | manufacturer | authorized-distributor","","Etiqueta, grabado o página que identifica exactamente el SKU","Pendiente","Pendiente","Pendiente"
"21","Catálogo para cotización","GTI04-092","PUNTA EJE L/C. GRAND VITARA SZ 2.7 08/2011 — GTI04-092","0","GTI04-092.jpg","","own | manufacturer | authorized-distributor","","Etiqueta, grabado o página que identifica exactamente el SKU","Pendiente","Pendiente","Pendiente"
"21","Catálogo para cotización","GTI04-093","PUNTA EJE L/R. GRAND VITARA SZ 2.7 08/2011 — GTI04-093","0","GTI04-093.jpg","","own | manufacturer | authorized-distributor","","Etiqueta, grabado o página que identifica exactamente el SKU","Pendiente","Pendiente","Pendiente"
"21","Catálogo para cotización","GTI04-094","PUNTA EJE L/R. CAPTIVA 3.0 / 34 DTS — GTI04-094","0","GTI04-094.jpg","","own | manufacturer | authorized-distributor","","Etiqueta, grabado o página que identifica exactamente el SKU","Pendiente","Pendiente","Pendiente"
"21","Catálogo para cotización","GTI04-095","EJE HOMOCINETICO IZQ. AVEO — GTI04-095","0","GTI04-095.jpg","","own | manufacturer | authorized-distributor","","Etiqueta, grabado o página que identifica exactamente el SKU","Pendiente","Pendiente","Pendiente"
"21","Catálogo para cotización","GTI04-096","EJE HOMOCINETICO DER. AVEO — GTI04-096","0","GTI04-096.jpg","","own | manufacturer | authorized-distributor","","Etiqueta, grabado o página que identifica exactamente el SKU","Pendiente","Pendiente","Pendiente"
"22","Catálogo para cotización","GTI04-097","PUNTA EJE L/R. ZAFIRA/ASTRA — GTI04-097","0","GTI04-097.jpg","","own | manufacturer | authorized-distributor","","Etiqueta, grabado o página que identifica exactamente el SKU","Pendiente","Pendiente","Pendiente"
"22","Catálogo para cotización","GTI04-098","PUNTA EJE L/R. GRAND VITARA SZ 22 DTS. — GTI04-098","0","GTI04-098.jpg","","own | manufacturer | authorized-distributor","","Etiqueta, grabado o página que identifica exactamente el SKU","Pendiente","Pendiente","Pendiente"
"22","Catálogo para cotización","GTI04-099","PUNTA EJE L/C. OPTRA 1.8 MEC. — GTI04-099","0","GTI04-099.jpg","","own | manufacturer | authorized-distributor","","Etiqueta, grabado o página que identifica exactamente el SKU","Pendiente","Pendiente","Pendiente"
"22","Catálogo para cotización","GTI04-100","PUNTA EJE L/R. ALTO MN. 20 DTS — GTI04-100","0","GTI04-100.jpg","","own | manufacturer | authorized-distributor","","Etiqueta, grabado o página que identifica exactamente el SKU","Pendiente","Pendiente","Pendiente"
"22","Catálogo para cotización","GTI04-103","EJE HOMOCINETICO DER. TRACKER AUTOMATICA — GTI04-103","0","GTI04-103.jpg","","own | manufacturer | authorized-distributor","","Etiqueta, grabado o página que identifica exactamente el SKU","Pendiente","Pendiente","Pendiente"
"22","Catálogo para cotización","GTI04-104","EJE HOMOCINETICO IZQ. TRACKER AUTOMATICA — GTI04-104","0","GTI04-104.jpg","","own | manufacturer | authorized-distributor","","Etiqueta, grabado o página que identifica exactamente el SKU","Pendiente","Pendiente","Pendiente"
"22","Catálogo para cotización","GTI04-105","EJE HOMOCINETICO DER. TRACKER MECANICA — GTI04-105","0","GTI04-105.jpg","","own | manufacturer | authorized-distributor","","Etiqueta, grabado o página que identifica exactamente el SKU","Pendiente","Pendiente","Pendiente"
"22","Catálogo para cotización","GTI04-106","EJE HOMOCINETICO IZQ. TRACKER MECANICA — GTI04-106","0","GTI04-106.jpg","","own | manufacturer | authorized-distributor","","Etiqueta, grabado o página que identifica exactamente el SKU","Pendiente","Pendiente","Pendiente"
"22","Catálogo para cotización","GTI05-001","PUNTA EJE L/R. DW. ESPERO 29 DTS. — GTI05-001","0","GTI05-001.jpg","","own | manufacturer | authorized-distributor","","Etiqueta, grabado o página que identifica exactamente el SKU","Pendiente","Pendiente","Pendiente"
"22","Catálogo para cotización","GTI05-002","PUNTA EJE L/R. DW. RACER/CIELO T. KOREA 29 DTS. VZLA. — GTI05-002","0","GTI05-002.jpg","","own | manufacturer | authorized-distributor","","Etiqueta, grabado o página que identifica exactamente el SKU","Pendiente","Pendiente","Pendiente"
"23","Catálogo para cotización","GTI05-004","PUNTA EJE L/C. DW. TICO/MATIZ/CHERY QQ — GTI05-004","0","GTI05-004.jpg","","own | manufacturer | authorized-distributor","","Etiqueta, grabado o página que identifica exactamente el SKU","Pendiente","Pendiente","Pendiente"
"23","Catálogo para cotización","GTI05-006","PUNTA EJE L/C. DW. RACER/CIELO 22 DTS. — GTI05-006","0","GTI05-006.jpg","","own | manufacturer | authorized-distributor","","Etiqueta, grabado o página que identifica exactamente el SKU","Pendiente","Pendiente","Pendiente"
"23","Catálogo para cotización","GTI05-007","EJE HOMOCINETICO IZQ. DW. RACER/CIELO — GTI05-007","0","GTI05-007.jpg","","own | manufacturer | authorized-distributor","","Etiqueta, grabado o página que identifica exactamente el SKU","Pendiente","Pendiente","Pendiente"
"23","Catálogo para cotización","GTI05-010","PUNTA EJE L/R. DW. NUBIRA 22 DTS. — GTI05-010","0","GTI05-010.jpg","","own | manufacturer | authorized-distributor","","Etiqueta, grabado o página que identifica exactamente el SKU","Pendiente","Pendiente","Pendiente"
"23","Catálogo para cotización","GTI06-002","PUNTA EJE L/R. HD. ATOS /02 19 DTS. — GTI06-002","0","GTI06-002.jpg","","own | manufacturer | authorized-distributor","","Etiqueta, grabado o página que identifica exactamente el SKU","Pendiente","Pendiente","Pendiente"
"23","Catálogo para cotización","GTI06-004","PUNTA EJE L/R. HD. NEW ELANTRA/SONATA 25 DTS. — GTI06-004","0","GTI06-004.jpg","","own | manufacturer | authorized-distributor","","Etiqueta, grabado o página que identifica exactamente el SKU","Pendiente","Pendiente","Pendiente"
"23","Catálogo para cotización","GTI06-005","PUNTA EJE L/R. HD. ELANTRA 23 DTS. — GTI06-005","0","GTI06-005.jpg","","own | manufacturer | authorized-distributor","","Etiqueta, grabado o página que identifica exactamente el SKU","Pendiente","Pendiente","Pendiente"
"23","Catálogo para cotización","GTI06-007","EJE INTERCONECCION HD. TUCSON IX-35 DIESEL — GTI06-007","0","GTI06-007.jpg","","own | manufacturer | authorized-distributor","","Etiqueta, grabado o página que identifica exactamente el SKU","Pendiente","Pendiente","Pendiente"
"23","Catálogo para cotización","GTI06-008","PUNTA EJE L/C. HD. ACCENT/VERNA/GYRO/EXCEL/MITSUBISHI LANCER — GTI06-008","0","GTI06-008.jpg","","own | manufacturer | authorized-distributor","","Etiqueta, grabado o página que identifica exactamente el SKU","Pendiente","Pendiente","Pendiente"
"23","Catálogo para cotización","GTI06-009","EJE HOMOCINETICO DER. HD. ACCENT/VERNA INDU — GTI06-009","0","GTI06-009.jpg","","own | manufacturer | authorized-distributor","","Etiqueta, grabado o página que identifica exactamente el SKU","Pendiente","Pendiente","Pendiente"
"24","Catálogo para cotización","GTI06-010","EJE HOMOCINETICO IZQ. HD. ACCENT — GTI06-010","0","GTI06-010.jpg","","own | manufacturer | authorized-distributor","","Etiqueta, grabado o página que identifica exactamente el SKU","Pendiente","Pendiente","Pendiente"
"24","Catálogo para cotización","GTI06-011","PUNTA EJE L/R. HD. ACCENT/VERNA/GYRO/VISION 30 DTS. (PIN EXT.) — GTI06-011","0","GTI06-011.jpg","","own | manufacturer | authorized-distributor","","Etiqueta, grabado o página que identifica exactamente el SKU","Pendiente","Pendiente","Pendiente"
"24","Catálogo para cotización","GTI06-013","PUNTA EJE L/C. HD. ATOS 19 DTS. SPARK/CRONOS 19 DTS. (CUERPO LARGO) — GTI06-013","0","GTI06-013.jpg","","own | manufacturer | authorized-distributor","","Etiqueta, grabado o página que identifica exactamente el SKU","Pendiente","Pendiente","Pendiente"
"24","Catálogo para cotización","GTI06-015","EJE HOMOCINETICO IZQ. HD. ATOS — GTI06-015","0","GTI06-015.jpg","","own | manufacturer | authorized-distributor","","Etiqueta, grabado o página que identifica exactamente el SKU","Pendiente","Pendiente","Pendiente"
"24","Catálogo para cotización","GTI06-016","EJE HOMOCINETICO DER. HD. ATOS — GTI06-016","0","GTI06-016.jpg","","own | manufacturer | authorized-distributor","","Etiqueta, grabado o página que identifica exactamente el SKU","Pendiente","Pendiente","Pendiente"
"24","Catálogo para cotización","GTI06-017","PUNTA EJE L/R. HD. TUCSON 4X2 25x27 DTS. (AUTOMATICO) — GTI06-017","0","GTI06-017.jpg","","own | manufacturer | authorized-distributor","","Etiqueta, grabado o página que identifica exactamente el SKU","Pendiente","Pendiente","Pendiente"
"24","Catálogo para cotización","GTI06-018","PUNTA EJE L/R. HD. TUCSON 4X2 23X27 DTS. SIN ABS (MECANICO) — GTI06-018","0","GTI06-018.jpg","","own | manufacturer | authorized-distributor","","Etiqueta, grabado o página que identifica exactamente el SKU","Pendiente","Pendiente","Pendiente"
"24","Catálogo para cotización","GTI06-020","PUNTA EJE L/R. HD. TUCSON 4X4 25X27 (CON ABS) — GTI06-020","0","GTI06-020.jpg","","own | manufacturer | authorized-distributor","","Etiqueta, grabado o página que identifica exactamente el SKU","Pendiente","Pendiente","Pendiente"
"24","Catálogo para cotización","GTI06-021","PUNTA EJE L/R. HD. SANTAFE 27X26 — GTI06-021","0","GTI06-021.jpg","","own | manufacturer | authorized-distributor","","Etiqueta, grabado o página que identifica exactamente el SKU","Pendiente","Pendiente","Pendiente"
"24","Catálogo para cotización","GTI06-022","EJE HOMOCINETICO IZQ. HD. VISION/KIA RIO E-XITE/SEPHIA — GTI06-022","0","GTI06-022.jpg","","own | manufacturer | authorized-distributor","","Etiqueta, grabado o página que identifica exactamente el SKU","Pendiente","Pendiente","Pendiente"
"25","Catálogo para cotización","GTI06-023","EJE HOMOCINETICO DER. HD. VISION/KIA RIO E-XITE/SEPHIA — GTI06-023","0","GTI06-023.jpg","","own | manufacturer | authorized-distributor","","Etiqueta, grabado o página que identifica exactamente el SKU","Pendiente","Pendiente","Pendiente"
"25","Catálogo para cotización","GTI06-024","EJE HOMOCINETICO IZQ. KIA RIO STYLUS — GTI06-024","0","GTI06-024.jpg","","own | manufacturer | authorized-distributor","","Etiqueta, grabado o página que identifica exactamente el SKU","Pendiente","Pendiente","Pendiente"
"25","Catálogo para cotización","GTI06-025","EJE HOMOCINETICO DER. KIA RIO STYLUS — GTI06-025","0","GTI06-025.jpg","","own | manufacturer | authorized-distributor","","Etiqueta, grabado o página que identifica exactamente el SKU","Pendiente","Pendiente","Pendiente"
"25","Catálogo para cotización","GTI06-026","EJE HOMOCINETICO IZQ. KIA PICANTO ION — GTI06-026","0","GTI06-026.jpg","","own | manufacturer | authorized-distributor","","Etiqueta, grabado o página que identifica exactamente el SKU","Pendiente","Pendiente","Pendiente"
"25","Catálogo para cotización","GTI06-027","EJE HOMOCINETICO DER. KIA PICANTO ION — GTI06-027","0","GTI06-027.jpg","","own | manufacturer | authorized-distributor","","Etiqueta, grabado o página que identifica exactamente el SKU","Pendiente","Pendiente","Pendiente"
"25","Catálogo para cotización","GTI06-028","EJE HOMOCINETICO IZQ. HD. I-10 — GTI06-028","0","GTI06-028.jpg","","own | manufacturer | authorized-distributor","","Etiqueta, grabado o página que identifica exactamente el SKU","Pendiente","Pendiente","Pendiente"
"25","Catálogo para cotización","GTI06-029","EJE HOMOCINETICO DER. HD. I-10 — GTI06-029","0","GTI06-029.jpg","","own | manufacturer | authorized-distributor","","Etiqueta, grabado o página que identifica exactamente el SKU","Pendiente","Pendiente","Pendiente"
"25","Catálogo para cotización","GTI06-035","PUNTA EJE L/R. HD. SANTAFE 10/12 36x30 — GTI06-035","0","GTI06-035.jpg","","own | manufacturer | authorized-distributor","","Etiqueta, grabado o página que identifica exactamente el SKU","Pendiente","Pendiente","Pendiente"
"25","Catálogo para cotización","GTI06-036","EJE HOMOCINETICO IZQ. HD. VERNA/GYRO — GTI06-036","0","GTI06-036.jpg","","own | manufacturer | authorized-distributor","","Etiqueta, grabado o página que identifica exactamente el SKU","Pendiente","Pendiente","Pendiente"
"25","Catálogo para cotización","GTI06-039","PUNTA EJE L/C. HD. TUCSON (MANUAL) 35x27 — GTI06-039","0","GTI06-039.jpg","","own | manufacturer | authorized-distributor","","Etiqueta, grabado o página que identifica exactamente el SKU","Pendiente","Pendiente","Pendiente"
"26","Catálogo para cotización","GTI06-040","PUNTA EJE L/C. HD. TUCSON (AUTOMATICO) — GTI06-040","0","GTI06-040.jpg","","own | manufacturer | authorized-distributor","","Etiqueta, grabado o página que identifica exactamente el SKU","Pendiente","Pendiente","Pendiente"
"26","Catálogo para cotización","GTI06-041","EJE HOMOCINETICO LARGO KIA REVOLUTION GAS. — GTI06-041","0","GTI06-041.jpg","","own | manufacturer | authorized-distributor","","Etiqueta, grabado o página que identifica exactamente el SKU","Pendiente","Pendiente","Pendiente"
"26","Catálogo para cotización","GTI06-042","PUNTA EJE L/R. KIA REVOLUTION/HD. TUCSON IX-35 4X4/4X2 MECANICA — GTI06-042","0","GTI06-042.jpg","","own | manufacturer | authorized-distributor","","Etiqueta, grabado o página que identifica exactamente el SKU","Pendiente","Pendiente","Pendiente"
"26","Catálogo para cotización","GTI06-043","PUNTA EJE L/C. HD TUCSON IX-35/KIA REVOLUTION GAS. (24 INT) (27 EXT) — GTI06-043","0","GTI06-043.jpg","","own | manufacturer | authorized-distributor","","Etiqueta, grabado o página que identifica exactamente el SKU","Pendiente","Pendiente","Pendiente"
"26","Catálogo para cotización","GTI06-044","EJE HOMOCINETICO IZQ. HD. TUCSON 4X2 (AUTOMATICO) — GTI06-044","0","GTI06-044.jpg","","own | manufacturer | authorized-distributor","","Etiqueta, grabado o página que identifica exactamente el SKU","Pendiente","Pendiente","Pendiente"
"26","Catálogo para cotización","GTI06-045","EJE HOMOCINETICO DER. HD. TUCSON 4X2 (AUTOMATICO) — GTI06-045","0","GTI06-045.jpg","","own | manufacturer | authorized-distributor","","Etiqueta, grabado o página que identifica exactamente el SKU","Pendiente","Pendiente","Pendiente"
"26","Catálogo para cotización","GTI06-046","EJE HOMOCINETICO IZQ. KIA SORENTO — GTI06-046","0","GTI06-046.jpg","","own | manufacturer | authorized-distributor","","Etiqueta, grabado o página que identifica exactamente el SKU","Pendiente","Pendiente","Pendiente"
"26","Catálogo para cotización","GTI06-047","EJE HOMOCINETICO DER. KIA SORENTO — GTI06-047","0","GTI06-047.jpg","","own | manufacturer | authorized-distributor","","Etiqueta, grabado o página que identifica exactamente el SKU","Pendiente","Pendiente","Pendiente"
"26","Catálogo para cotización","GTI06-048","PUNTA EJE L/R. KIA SORENTO (25x28) — GTI06-048","0","GTI06-048.jpg","","own | manufacturer | authorized-distributor","","Etiqueta, grabado o página que identifica exactamente el SKU","Pendiente","Pendiente","Pendiente"
"26","Catálogo para cotización","GTI06-049","PUNTA EJE L/C. DER. KIA SORENTO (HEMBRA) — GTI06-049","0","GTI06-049.jpg","","own | manufacturer | authorized-distributor","","Etiqueta, grabado o página que identifica exactamente el SKU","Pendiente","Pendiente","Pendiente"
"27","Catálogo para cotización","GTI06-050","PUNTA EJE L/C. IZQ. KIA SORENTO (MACHO) — GTI06-050","0","GTI06-050.jpg","","own | manufacturer | authorized-distributor","","Etiqueta, grabado o página que identifica exactamente el SKU","Pendiente","Pendiente","Pendiente"
"27","Catálogo para cotización","GTI06-051","EJE HOMOCINETICO DER. KIA PICANTO I/II — GTI06-051","0","GTI06-051.jpg","","own | manufacturer | authorized-distributor","","Etiqueta, grabado o página que identifica exactamente el SKU","Pendiente","Pendiente","Pendiente"
"27","Catálogo para cotización","GTI06-053","PUNTA EJE L/R. KIA GRAN CARNIVAL SEDONA 26X31 DTS — GTI06-053","0","GTI06-053.jpg","","own | manufacturer | authorized-distributor","","Etiqueta, grabado o página que identifica exactamente el SKU","Pendiente","Pendiente","Pendiente"
"27","Catálogo para cotización","GTI06-055","PUNTA EJE L/C. KIA CARNIVAL 2.5 (MACHO) — GTI06-055","0","GTI06-055.jpg","","own | manufacturer | authorized-distributor","","Etiqueta, grabado o página que identifica exactamente el SKU","Pendiente","Pendiente","Pendiente"
"27","Catálogo para cotización","GTI06-056","EJE HOMOCINETICO IZQ. HD. SANTAFE — GTI06-056","0","GTI06-056.jpg","","own | manufacturer | authorized-distributor","","Etiqueta, grabado o página que identifica exactamente el SKU","Pendiente","Pendiente","Pendiente"
"27","Catálogo para cotización","GTI06-057","EJE HOMOCINETICO DER. HD. SANTAFE — GTI06-057","0","GTI06-057.jpg","","own | manufacturer | authorized-distributor","","Etiqueta, grabado o página que identifica exactamente el SKU","Pendiente","Pendiente","Pendiente"
"27","Catálogo para cotización","GTI06-059","PUNTA EJE L/C. DER. HD. SANTAFE (HEMBRA) — GTI06-059","0","GTI06-059.jpg","","own | manufacturer | authorized-distributor","","Etiqueta, grabado o página que identifica exactamente el SKU","Pendiente","Pendiente","Pendiente"
"27","Catálogo para cotización","GTI06-060","EJE HOMOCINETICO DER. KIA SPORTAGE SQ — GTI06-060","0","GTI06-060.jpg","","own | manufacturer | authorized-distributor","","Etiqueta, grabado o página que identifica exactamente el SKU","Pendiente","Pendiente","Pendiente"
"27","Catálogo para cotización","GTI06-062","PUNTA EJE L/R. HD. TUCSON IX-35 DIESEL 4X2/4X4 (MECANICA) — GTI06-062","0","GTI06-062.jpg","","own | manufacturer | authorized-distributor","","Etiqueta, grabado o página que identifica exactamente el SKU","Pendiente","Pendiente","Pendiente"
"27","Catálogo para cotización","GTI06-063","EJE HOMOCINETICO DER. HD. I-25 — GTI06-063","0","GTI06-063.jpg","","own | manufacturer | authorized-distributor","","Etiqueta, grabado o página que identifica exactamente el SKU","Pendiente","Pendiente","Pendiente"
"28","Catálogo para cotización","GTI06-064","EJE HOMOCINETICO IZQ. HD. I-25 — GTI06-064","0","GTI06-064.jpg","","own | manufacturer | authorized-distributor","","Etiqueta, grabado o página que identifica exactamente el SKU","Pendiente","Pendiente","Pendiente"
"28","Catálogo para cotización","GTI06-065","PUNTA EJE L/R. HD. TUCSON 26x27 DTS. — GTI06-065","0","GTI06-065.jpg","","own | manufacturer | authorized-distributor","","Etiqueta, grabado o página que identifica exactamente el SKU","Pendiente","Pendiente","Pendiente"
"28","Catálogo para cotización","GTI06-066","EJE HOMOCINETICO IZQ. HD. GRAND I-10 — GTI06-066","0","GTI06-066.jpg","","own | manufacturer | authorized-distributor","","Etiqueta, grabado o página que identifica exactamente el SKU","Pendiente","Pendiente","Pendiente"
"28","Catálogo para cotización","GTI06-067","EJE HOMOCINETICO DER. HD. GRAND I-10 — GTI06-067","0","GTI06-067.jpg","","own | manufacturer | authorized-distributor","","Etiqueta, grabado o página que identifica exactamente el SKU","Pendiente","Pendiente","Pendiente"
"28","Catálogo para cotización","GTI06-068","PUNTA EJE L/R. HD. GRAND I-10 — GTI06-068","0","GTI06-068.jpg","","own | manufacturer | authorized-distributor","","Etiqueta, grabado o página que identifica exactamente el SKU","Pendiente","Pendiente","Pendiente"
"28","Catálogo para cotización","GTI07-001","PUNTA EJE L/R. SKODA FELICIA/FAVORIT/FORMAN 22 DTS — GTI07-001","0","GTI07-001.jpg","","own | manufacturer | authorized-distributor","","Etiqueta, grabado o página que identifica exactamente el SKU","Pendiente","Pendiente","Pendiente"
"28","Catálogo para cotización","GTI07-002","PUNTA EJE L/R. FIAT UNO/PREMIO/FIORINO/TUCAN 20 DTS. — GTI07-002","0","GTI07-002.jpg","","own | manufacturer | authorized-distributor","","Etiqueta, grabado o página que identifica exactamente el SKU","Pendiente","Pendiente","Pendiente"
"28","Catálogo para cotización","GTI07-003","PUNTA EJE L/R. NISSAN SENTRA TSURU 2 B14 24 DTS. — GTI07-003","0","GTI07-003.jpg","","own | manufacturer | authorized-distributor","","Etiqueta, grabado o página que identifica exactamente el SKU","Pendiente","Pendiente","Pendiente"
"28","Catálogo para cotización","GTI07-004","PUNTA EJE L/R. VOLKSWAGEN GOL 1.8 EXTERNA 30 DTS. — GTI07-004","0","GTI07-004.jpg","","own | manufacturer | authorized-distributor","","Etiqueta, grabado o página que identifica exactamente el SKU","Pendiente","Pendiente","Pendiente"
"28","Catálogo para cotización","GTI07-005","PUNTA EJE L/R. FIAT PALIO 1.3 20 DTS. — GTI07-005","0","GTI07-005.jpg","","own | manufacturer | authorized-distributor","","Etiqueta, grabado o página que identifica exactamente el SKU","Pendiente","Pendiente","Pendiente"
"29","Catálogo para cotización","GTI07-006","PUNTA EJE L/R. FIAT 147/ZASTAVA 20 DTS. — GTI07-006","0","GTI07-006.jpg","","own | manufacturer | authorized-distributor","","Etiqueta, grabado o página que identifica exactamente el SKU","Pendiente","Pendiente","Pendiente"
"29","Catálogo para cotización","GTI07-007","PUNTA EJE L/R. VOLKSWAGEN GOLF 30 DTS. — GTI07-007","0","GTI07-007.jpg","","own | manufacturer | authorized-distributor","","Etiqueta, grabado o página que identifica exactamente el SKU","Pendiente","Pendiente","Pendiente"
"29","Catálogo para cotización","GTI07-008","PUNTA EJE L/C. FORD FESTIVA 20 DTS — GTI07-008","0","GTI07-008.jpg","","own | manufacturer | authorized-distributor","","Etiqueta, grabado o página que identifica exactamente el SKU","Pendiente","Pendiente","Pendiente"
"29","Catálogo para cotización","GTI07-011","PUNTA EJE L/R. SUBARU 80/90 23 DTS. — GTI07-011","0","GTI07-011.jpg","","own | manufacturer | authorized-distributor","","Etiqueta, grabado o página que identifica exactamente el SKU","Pendiente","Pendiente","Pendiente"
"29","Catálogo para cotización","GTI07-012","PUNTA EJE L/R. TOYOTA TERCEL 23 DTS — GTI07-012","0","GTI07-012.jpg","","own | manufacturer | authorized-distributor","","Etiqueta, grabado o página que identifica exactamente el SKU","Pendiente","Pendiente","Pendiente"
"29","Catálogo para cotización","GTI07-013","PUNTA EJE L/R. TOYOTA COROLLA 1.8 /01 24 DTS — GTI07-013","0","GTI07-013.jpg","","own | manufacturer | authorized-distributor","","Etiqueta, grabado o página que identifica exactamente el SKU","Pendiente","Pendiente","Pendiente"
"29","Catálogo para cotización","GTI07-014","PUNTA EJE L/R. TOYOTA COROLLA 1.8/1.6 AT/MT 02/24D — GTI07-014","0","GTI07-014.jpg","","own | manufacturer | authorized-distributor","","Etiqueta, grabado o página que identifica exactamente el SKU","Pendiente","Pendiente","Pendiente"
"29","Catálogo para cotización","GTI07-015","PUNTA EJE L/R. TOYOTA HILUX 4X4 T. TH 34 DTS. — GTI07-015","0","GTI07-015.jpg","","own | manufacturer | authorized-distributor","","Etiqueta, grabado o página que identifica exactamente el SKU","Pendiente","Pendiente","Pendiente"
"29","Catálogo para cotización","GTI07-016","PUNTA EJE L/R. TOYOTA TERCEL 94/ 22 DTS. — GTI07-016","0","GTI07-016.jpg","","own | manufacturer | authorized-distributor","","Etiqueta, grabado o página que identifica exactamente el SKU","Pendiente","Pendiente","Pendiente"
"29","Catálogo para cotización","GTI07-017","PUNTA EJE L/C. NISSAN SENTRA — GTI07-017","0","GTI07-017.jpg","","own | manufacturer | authorized-distributor","","Etiqueta, grabado o página que identifica exactamente el SKU","Pendiente","Pendiente","Pendiente"
"30","Catálogo para cotización","GTI07-018","PUNTA EJE L/R. TOYOTA HILUX 4X4 T. JAPON 27 DTS. — GTI07-018","0","GTI07-018.jpg","","own | manufacturer | authorized-distributor","","Etiqueta, grabado o página que identifica exactamente el SKU","Pendiente","Pendiente","Pendiente"
"30","Catálogo para cotización","GTI07-020","PUNTA EJE L/R. KIA PICANTO I-II-ION/FORD FEST. 1.3 GLX MEC. 20 DTS. PIN INT. — GTI07-020","0","GTI07-020.jpg","","own | manufacturer | authorized-distributor","","Etiqueta, grabado o página que identifica exactamente el SKU","Pendiente","Pendiente","Pendiente"
"30","Catálogo para cotización","GTI07-022","PUNTA EJE L/R. FORD FIESTA 1.3 20 DTS. — GTI07-022","0","GTI07-022.jpg","","own | manufacturer | authorized-distributor","","Etiqueta, grabado o página que identifica exactamente el SKU","Pendiente","Pendiente","Pendiente"
"30","Catálogo para cotización","GTI07-023","PUNTA EJE L/R. FORD FIESTA 1.6 21 DTS./FIESTA MN. — GTI07-023","0","GTI07-023.jpg","","own | manufacturer | authorized-distributor","","Etiqueta, grabado o página que identifica exactamente el SKU","Pendiente","Pendiente","Pendiente"
"30","Catálogo para cotización","GTI07-024","PUNTA EJE L/R. KIA CARNIVAL /06 26 DTS. — GTI07-024","0","GTI07-024.jpg","","own | manufacturer | authorized-distributor","","Etiqueta, grabado o página que identifica exactamente el SKU","Pendiente","Pendiente","Pendiente"
"30","Catálogo para cotización","GTI07-025","PUNTA EJE L/R. KIA SEPHIA 97/99 23 DTS. — GTI07-025","0","GTI07-025.jpg","","own | manufacturer | authorized-distributor","","Etiqueta, grabado o página que identifica exactamente el SKU","Pendiente","Pendiente","Pendiente"
"30","Catálogo para cotización","GTI07-026","PUNTA EJE L/R. KIA SEPHIA 99/ 22 DTS. — GTI07-026","0","GTI07-026.jpg","","own | manufacturer | authorized-distributor","","Etiqueta, grabado o página que identifica exactamente el SKU","Pendiente","Pendiente","Pendiente"
"30","Catálogo para cotización","GTI07-029","JGO. 2 ABRAZADERAS G/POLVO EJES (METALICAS) — GTI07-029","0","GTI07-029.jpg","","own | manufacturer | authorized-distributor","","Etiqueta, grabado o página que identifica exactamente el SKU","Pendiente","Pendiente","Pendiente"
"30","Catálogo para cotización","GTI07-030","PUNTA EJE L/R. NISSAN SENTRA B13/B14 T/JP. P. INT. 32 DTS. — GTI07-030","0","GTI07-030.jpg","","own | manufacturer | authorized-distributor","","Etiqueta, grabado o página que identifica exactamente el SKU","Pendiente","Pendiente","Pendiente"
"30","Catálogo para cotización","GTI07-031","PUNTA EJE L/R. TOYOTA PRADO VX 34 DTS. — GTI07-031","0","GTI07-031.jpg","","own | manufacturer | authorized-distributor","","Etiqueta, grabado o página que identifica exactamente el SKU","Pendiente","Pendiente","Pendiente"
"31","Catálogo para cotización","GTI07-032","PUNTA EJE L/C. KIA PICANTO I-II/PICANTO ION — GTI07-032","0","GTI07-032.jpg","","own | manufacturer | authorized-distributor","","Etiqueta, grabado o página que identifica exactamente el SKU","Pendiente","Pendiente","Pendiente"
"31","Catálogo para cotización","GTI07-033","G/POLVO EJE L/R. HD. ACCENT/VERNA/VISION/SWIFT/STYLUS/323/AVEO/SAIL — GTI07-033","0","GTI07-033.jpg","","own | manufacturer | authorized-distributor","","Etiqueta, grabado o página que identifica exactamente el SKU","Pendiente","Pendiente","Pendiente"
"31","Catálogo para cotización","GTI07-035","G/POLVO EJE L/R. HD. ATOS/SPARK/CRONOS/SPRINT/MATIZ/STEEM 1.6/SWIFT/121 — GTI07-035","0","GTI07-035.jpg","","own | manufacturer | authorized-distributor","","Etiqueta, grabado o página que identifica exactamente el SKU","Pendiente","Pendiente","Pendiente"
"31","Catálogo para cotización","GTI07-037","G/POLVO EJE L/R M323/R9/TWINGO/CLIO/SYMBOL/MEGANE/CORSA/VITARA/GRAN VITARA GTI — GTI07-037","0","GTI07-037.jpg","","own | manufacturer | authorized-distributor","","Etiqueta, grabado o página que identifica exactamente el SKU","Pendiente","Pendiente","Pendiente"
"31","Catálogo para cotización","GTI07-043","G/POLVO EJE L/R. M323/R9/TWINGO/CLIO/SYMBOL/MEGANE/CORSA/VITARA/GRAN VITARA GTI — GTI07-043","0","GTI07-043.jpg","","own | manufacturer | authorized-distributor","","Etiqueta, grabado o página que identifica exactamente el SKU","Pendiente","Pendiente","Pendiente"
"31","Catálogo para cotización","GTI07-045","PUNTA EJE L/R. TOYOTA PRADO VX 27 DTS. — GTI07-045","0","GTI07-045.jpg","","own | manufacturer | authorized-distributor","","Etiqueta, grabado o página que identifica exactamente el SKU","Pendiente","Pendiente","Pendiente"
"31","Catálogo para cotización","GTI07-046","PUNTA EJE L/R. CHERY QQ 19 DTS. PIN EXT. — GTI07-046","0","GTI07-046.jpg","","own | manufacturer | authorized-distributor","","Etiqueta, grabado o página que identifica exactamente el SKU","Pendiente","Pendiente","Pendiente"
"31","Catálogo para cotización","GTI07-047","PUNTA EJE L/R. PEUGEOT 3.5/405 34 DTS. — GTI07-047","0","GTI07-047.jpg","","own | manufacturer | authorized-distributor","","Etiqueta, grabado o página que identifica exactamente el SKU","Pendiente","Pendiente","Pendiente"
"31","Catálogo para cotización","GTI07-048","PUNTA EJE L/R. DAIHATSU TERIUS 19 DTS. — GTI07-048","0","GTI07-048.jpg","","own | manufacturer | authorized-distributor","","Etiqueta, grabado o página que identifica exactamente el SKU","Pendiente","Pendiente","Pendiente"
"31","Catálogo para cotización","GTI07-049","PUNTA EJE L/R. NISSAN PATHFINDER 27 DTS. — GTI07-049","0","GTI07-049.jpg","","own | manufacturer | authorized-distributor","","Etiqueta, grabado o página que identifica exactamente el SKU","Pendiente","Pendiente","Pendiente"
"32","Catálogo para cotización","GTI07-050","PUNTA EJE L/R. CITROEN XANTIA ZX/PEUGEOT 306 1.6/1.8/2.0 (48T) — GTI07-050","0","GTI07-050.jpg","","own | manufacturer | authorized-distributor","","Etiqueta, grabado o página que identifica exactamente el SKU","Pendiente","Pendiente","Pendiente"
"32","Catálogo para cotización","GTI07-051","PUNTA EJE L/R. PEUGEOT 405 1.6 (90T) — GTI07-051","0","GTI07-051.jpg","","own | manufacturer | authorized-distributor","","Etiqueta, grabado o página que identifica exactamente el SKU","Pendiente","Pendiente","Pendiente"
"32","Catálogo para cotización","GTI07-052","PUNTA EJE L/R. CITROEN BX/CX/PEUGEOT 305/405 — GTI07-052","0","GTI07-052.jpg","","own | manufacturer | authorized-distributor","","Etiqueta, grabado o página que identifica exactamente el SKU","Pendiente","Pendiente","Pendiente"
"32","Catálogo para cotización","GTI07-053","EJE HOMOCINETICO DER. PEUGEOT 306/406 — GTI07-053","0","GTI07-053.jpg","","own | manufacturer | authorized-distributor","","Etiqueta, grabado o página que identifica exactamente el SKU","Pendiente","Pendiente","Pendiente"
"32","Catálogo para cotización","GTI07-054","EJE HOMOCINETICO IZQ. PEUGEOT 306/405 — GTI07-054","0","GTI07-054.jpg","","own | manufacturer | authorized-distributor","","Etiqueta, grabado o página que identifica exactamente el SKU","Pendiente","Pendiente","Pendiente"
"32","Catálogo para cotización","GTI07-055","PUNTA EJE L/R. TOYOTA LAND CRUISER/CARE VACA 27 DTS. — GTI07-055","0","GTI07-055.jpg","","own | manufacturer | authorized-distributor","","Etiqueta, grabado o página que identifica exactamente el SKU","Pendiente","Pendiente","Pendiente"
"32","Catálogo para cotización","GTI07-056","PUNTA EJE L/R. KIA SPECTRA — GTI07-056","0","GTI07-056.jpg","","own | manufacturer | authorized-distributor","","Etiqueta, grabado o página que identifica exactamente el SKU","Pendiente","Pendiente","Pendiente"
"32","Catálogo para cotización","GTI07-057","PUNTA EJE L/R. KIA CARENS 01/08 24 DTES — GTI07-057","0","GTI07-057.jpg","","own | manufacturer | authorized-distributor","","Etiqueta, grabado o página que identifica exactamente el SKU","Pendiente","Pendiente","Pendiente"
"32","Catálogo para cotización","GTI07-059","PUNTA EJE L/R. TOYOTA HILUX VIGO — GTI07-059","0","GTI07-059.jpg","","own | manufacturer | authorized-distributor","","Etiqueta, grabado o página que identifica exactamente el SKU","Pendiente","Pendiente","Pendiente"
"32","Catálogo para cotización","GTI07-060","EJE HOMOCINETICO TOYOTA HILUX VIGO — GTI07-060","0","GTI07-060.jpg","","own | manufacturer | authorized-distributor","","Etiqueta, grabado o página que identifica exactamente el SKU","Pendiente","Pendiente","Pendiente"
"33","Catálogo para cotización","GTI07-062","PUNTA EJE L/C. AVEO 1.6 EMOTION AUT. — GTI07-062","0","GTI07-062.jpg","","own | manufacturer | authorized-distributor","","Etiqueta, grabado o página que identifica exactamente el SKU","Pendiente","Pendiente","Pendiente"
"33","Catálogo para cotización","GTI07-064","PUNTA EJE L/R. VOLKSWAGEN PANEL/TRANSPORTER 27 DTS — GTI07-064","0","GTI07-064.jpg","","own | manufacturer | authorized-distributor","","Etiqueta, grabado o página que identifica exactamente el SKU","Pendiente","Pendiente","Pendiente"
"33","Catálogo para cotización","GTI07-065","PUNTA EJE L/C. DER. KIA GRAND CARNIVAL (HEMBRA) — GTI07-065","0","GTI07-065.jpg","","own | manufacturer | authorized-distributor","","Etiqueta, grabado o página que identifica exactamente el SKU","Pendiente","Pendiente","Pendiente"
"33","Catálogo para cotización","GTI07-066","PUNTA EJE L/C. IZQ. KIA GRAND CARNIVAL (MACHO) — GTI07-066","0","GTI07-066.jpg","","own | manufacturer | authorized-distributor","","Etiqueta, grabado o página que identifica exactamente el SKU","Pendiente","Pendiente","Pendiente"
"33","Catálogo para cotización","GTI07-067","EJE HOMOCINETICO DER. KIA GRAND CARNIVAL — GTI07-067","0","GTI07-067.jpg","","own | manufacturer | authorized-distributor","","Etiqueta, grabado o página que identifica exactamente el SKU","Pendiente","Pendiente","Pendiente"
"33","Catálogo para cotización","GTI07-068","EJE HOMOCINETICO IZQ. KIA GRAND CARNIVAL — GTI07-068","0","GTI07-068.jpg","","own | manufacturer | authorized-distributor","","Etiqueta, grabado o página que identifica exactamente el SKU","Pendiente","Pendiente","Pendiente"
"33","Catálogo para cotización","GTI07-069","PUNTA EJE L/R. TOYOTA LAND CRUISER VENEZOLANA/BURBUJA 05/09 — GTI07-069","0","GTI07-069.jpg","","own | manufacturer | authorized-distributor","","Etiqueta, grabado o página que identifica exactamente el SKU","Pendiente","Pendiente","Pendiente"
"33","Catálogo para cotización","GTI07-070","PUNTA EJE L/R. FORD ECO SPORT 4X2 — GTI07-070","0","GTI07-070.jpg","","own | manufacturer | authorized-distributor","","Etiqueta, grabado o página que identifica exactamente el SKU","Pendiente","Pendiente","Pendiente"
"33","Catálogo para cotización","GTI07-071","PUNTA EJE L/R. FORD ECO SPORT 4X4 — GTI07-071","0","GTI07-071.jpg","","own | manufacturer | authorized-distributor","","Etiqueta, grabado o página que identifica exactamente el SKU","Pendiente","Pendiente","Pendiente"
"33","Catálogo para cotización","GTI07-072","PUNTA EJE L/R. CHERY QQ 19 DTS. PIN INT. — GTI07-072","0","GTI07-072.jpg","","own | manufacturer | authorized-distributor","","Etiqueta, grabado o página que identifica exactamente el SKU","Pendiente","Pendiente","Pendiente"
"34","Catálogo para cotización","GTI07-074","PUNTA EJE L/C. IZQ. PEUGEOT 306 — GTI07-074","0","GTI07-074.jpg","","own | manufacturer | authorized-distributor","","Etiqueta, grabado o página que identifica exactamente el SKU","Pendiente","Pendiente","Pendiente"
"34","Catálogo para cotización","GTI07-076","PUNTA EJE L/C. VOLKSWAGEN GOL BRASIL/GOLF 1.5/1.6/PASSAT/SEAT CORDOBA — GTI07-076","0","GTI07-076.jpg","","own | manufacturer | authorized-distributor","","Etiqueta, grabado o página que identifica exactamente el SKU","Pendiente","Pendiente","Pendiente"
"34","Catálogo para cotización","GTI07-077","PUNTA EJE L/R. VOLKSWAGEN GOLF/JETTA 1.6/JETTA 2.0 — GTI07-077","0","GTI07-077.jpg","","own | manufacturer | authorized-distributor","","Etiqueta, grabado o página que identifica exactamente el SKU","Pendiente","Pendiente","Pendiente"
"34","Catálogo para cotización","GTI07-078","PUNTA EJE L/R. NISSAN FRONTIER — GTI07-078","0","GTI07-078.jpg","","own | manufacturer | authorized-distributor","","Etiqueta, grabado o página que identifica exactamente el SKU","Pendiente","Pendiente","Pendiente"
"34","Catálogo para cotización","GTI07-079","PUNTA EJE L/R. NISSAN SENTRA B14 JAPON/ALMERA 23DTS — GTI07-079","0","GTI07-079.jpg","","own | manufacturer | authorized-distributor","","Etiqueta, grabado o página que identifica exactamente el SKU","Pendiente","Pendiente","Pendiente"
"34","Catálogo para cotización","GTI07-080","PUNTA EJE L/R. HONDA CIVIC AMERICANO 1.8 — GTI07-080","0","GTI07-080.jpg","","own | manufacturer | authorized-distributor","","Etiqueta, grabado o página que identifica exactamente el SKU","Pendiente","Pendiente","Pendiente"
"34","Catálogo para cotización","GTI07-081","PUNTA EJE L/R. HONDA ACCORD/CRV — GTI07-081","0","GTI07-081.jpg","","own | manufacturer | authorized-distributor","","Etiqueta, grabado o página que identifica exactamente el SKU","Pendiente","Pendiente","Pendiente"
"34","Catálogo para cotización","GTI07-083","PUNTA EJE L/R. NISSAN PATHFINDER M/N. — GTI07-083","0","GTI07-083.jpg","","own | manufacturer | authorized-distributor","","Etiqueta, grabado o página que identifica exactamente el SKU","Pendiente","Pendiente","Pendiente"
"34","Catálogo para cotización","GTI07-084","EJE INTERCONECCION KIA GRAND CARNIVAL — GTI07-084","0","GTI07-084.jpg","","own | manufacturer | authorized-distributor","","Etiqueta, grabado o página que identifica exactamente el SKU","Pendiente","Pendiente","Pendiente"
"34","Catálogo para cotización","GTI07-085","PUNTA EJE L/R. NISSAN SENTRA B13 8V. — GTI07-085","0","GTI07-085.jpg","","own | manufacturer | authorized-distributor","","Etiqueta, grabado o página que identifica exactamente el SKU","Pendiente","Pendiente","Pendiente"
"35","Catálogo para cotización","GTI07-087","PUNTA EJE L/R. MITSUBISHI PAJERO — GTI07-087","0","GTI07-087.jpg","","own | manufacturer | authorized-distributor","","Etiqueta, grabado o página que identifica exactamente el SKU","Pendiente","Pendiente","Pendiente"
"35","Catálogo para cotización","GTI07-088","PUNTA EJE L/C. DAIHATSU TERIUS — GTI07-088","0","GTI07-088.jpg","","own | manufacturer | authorized-distributor","","Etiqueta, grabado o página que identifica exactamente el SKU","Pendiente","Pendiente","Pendiente"
"35","Catálogo para cotización","GTI07-089","PUNTA EJE L/R. JAC TAXI STAR 1.3 (29 DTS.) — GTI07-089","0","GTI07-089.jpg","","own | manufacturer | authorized-distributor","","Etiqueta, grabado o página que identifica exactamente el SKU","Pendiente","Pendiente","Pendiente"
"35","Catálogo para cotización","GTI07-090","PUNTA EJE L/C. TOYOTA PRADO — GTI07-090","0","GTI07-090.jpg","","own | manufacturer | authorized-distributor","","Etiqueta, grabado o página que identifica exactamente el SKU","Pendiente","Pendiente","Pendiente"
"35","Catálogo para cotización","GTI07-091","PUNTA EJE L/C. TOYOTA HILUX 92/06 — GTI07-091","0","GTI07-091.jpg","","own | manufacturer | authorized-distributor","","Etiqueta, grabado o página que identifica exactamente el SKU","Pendiente","Pendiente","Pendiente"
"35","Catálogo para cotización","GTI07-092","PUNTA EJE L/C. TOYOTA HILUX HI-RIDER — GTI07-092","0","GTI07-092.jpg","","own | manufacturer | authorized-distributor","","Etiqueta, grabado o página que identifica exactamente el SKU","Pendiente","Pendiente","Pendiente"
"35","Catálogo para cotización","GTI07-093","PUNTA EJE L/R. TOYOTA COROLLA 1.6/1.8 2001/ — GTI07-093","0","GTI07-093.jpg","","own | manufacturer | authorized-distributor","","Etiqueta, grabado o página que identifica exactamente el SKU","Pendiente","Pendiente","Pendiente"
"35","Catálogo para cotización","GTI07-094","PUNTA EJE L/R. NISSAN TIDA 1.8/SENTRA MN. — GTI07-094","0","GTI07-094.jpg","","own | manufacturer | authorized-distributor","","Etiqueta, grabado o página que identifica exactamente el SKU","Pendiente","Pendiente","Pendiente"
"35","Catálogo para cotización","GTI07-097","PUNTA EJE L/R. SUBARU VIVIO — GTI07-097","0","GTI07-097.jpg","","own | manufacturer | authorized-distributor","","Etiqueta, grabado o página que identifica exactamente el SKU","Pendiente","Pendiente","Pendiente"
"35","Catálogo para cotización","GTI07-098","PUNTA EJE L/R. CITROEN JUMPER — GTI07-098","0","GTI07-098.jpg","","own | manufacturer | authorized-distributor","","Etiqueta, grabado o página que identifica exactamente el SKU","Pendiente","Pendiente","Pendiente"
"36","Catálogo para cotización","GTI07-099","PUNTA EJE L/R. HONDA FIT — GTI07-099","0","GTI07-099.jpg","","own | manufacturer | authorized-distributor","","Etiqueta, grabado o página que identifica exactamente el SKU","Pendiente","Pendiente","Pendiente"
"36","Catálogo para cotización","GTI07-100","PUNTA EJE L/R. HONDA 22 DTS. — GTI07-100","0","GTI07-100.jpg","","own | manufacturer | authorized-distributor","","Etiqueta, grabado o página que identifica exactamente el SKU","Pendiente","Pendiente","Pendiente"
"36","Catálogo para cotización","GTI07-101","PUNTA EJE L/C. VOLKSWAGEN GOL/GOLF 1.5/1.6/PASSAT/SEAT CORDOBA — GTI07-101","0","GTI07-101.jpg","","own | manufacturer | authorized-distributor","","Etiqueta, grabado o página que identifica exactamente el SKU","Pendiente","Pendiente","Pendiente"
"36","Catálogo para cotización","GTI07-102","PUNTA EJE L/R. FORD EXPLORER — GTI07-102","0","GTI07-102.jpg","","own | manufacturer | authorized-distributor","","Etiqueta, grabado o página que identifica exactamente el SKU","Pendiente","Pendiente","Pendiente"
"36","Catálogo para cotización","GTI07-103","PUNTA EJE L/R. FORD FORTALEZA/150 EXPEDITION — GTI07-103","0","GTI07-103.jpg","","own | manufacturer | authorized-distributor","","Etiqueta, grabado o página que identifica exactamente el SKU","Pendiente","Pendiente","Pendiente"
"36","Catálogo para cotización","GTI07-104","PUNTA EJE L/C. FORD ECO SPORT 4X2 89/02 — GTI07-104","0","GTI07-104.jpg","","own | manufacturer | authorized-distributor","","Etiqueta, grabado o página que identifica exactamente el SKU","Pendiente","Pendiente","Pendiente"
"36","Catálogo para cotización","GTI07-105","PUNTA EJE L/R. GEELY 1.3 — GTI07-105","0","GTI07-105.jpg","","own | manufacturer | authorized-distributor","","Etiqueta, grabado o página que identifica exactamente el SKU","Pendiente","Pendiente","Pendiente"
"36","Catálogo para cotización","GTI07-106","PUNTA EJE L/R. VOLKSWAGEN AMAROK 4X4 (TORNILLO) — GTI07-106","0","GTI07-106.jpg","","own | manufacturer | authorized-distributor","","Etiqueta, grabado o página que identifica exactamente el SKU","Pendiente","Pendiente","Pendiente"
"36","Catálogo para cotización","GTI07-107","EJE HOMOCINETICO DER. CHERY VAN — GTI07-107","0","GTI07-107.jpg","","own | manufacturer | authorized-distributor","","Etiqueta, grabado o página que identifica exactamente el SKU","Pendiente","Pendiente","Pendiente"
"36","Catálogo para cotización","GTI07-108","PUNTA EJE L/R. CHERY VAN — GTI07-108","0","GTI07-108.jpg","","own | manufacturer | authorized-distributor","","Etiqueta, grabado o página que identifica exactamente el SKU","Pendiente","Pendiente","Pendiente"
"37","Catálogo para cotización","GTI07-109","PUNTA EJE L/C. CHERY VAN — GTI07-109","0","GTI07-109.jpg","","own | manufacturer | authorized-distributor","","Etiqueta, grabado o página que identifica exactamente el SKU","Pendiente","Pendiente","Pendiente"
"37","Catálogo para cotización","GTI07-110","PUNTA EJE L/R. VOLKSWAGEN BORA 2.5 AUTOMATICO — GTI07-110","0","GTI07-110.jpg","","own | manufacturer | authorized-distributor","","Etiqueta, grabado o página que identifica exactamente el SKU","Pendiente","Pendiente","Pendiente"
"37","Catálogo para cotización","GTI07-111","PUNTA EJE L/R. NISSAN X-TRAIL 25 DTS. — GTI07-111","0","GTI07-111.jpg","","own | manufacturer | authorized-distributor","","Etiqueta, grabado o página que identifica exactamente el SKU","Pendiente","Pendiente","Pendiente"
"37","Catálogo para cotización","GTI07-112","PUNTA EJE L/C. IZQ. FORD FIESTA/CHARGER — GTI07-112","0","GTI07-112.jpg","","own | manufacturer | authorized-distributor","","Etiqueta, grabado o página que identifica exactamente el SKU","Pendiente","Pendiente","Pendiente"
"37","Catálogo para cotización","GTI07-113","PUNTA EJE L/C. DER. FORD FIESTA/CHARGER — GTI07-113","0","GTI07-113.jpg","","own | manufacturer | authorized-distributor","","Etiqueta, grabado o página que identifica exactamente el SKU","Pendiente","Pendiente","Pendiente"
"37","Catálogo para cotización","GTI07-114","PUNTA EJE L/R. CITROEN JUMPER MN. 29 DTS — GTI07-114","0","GTI07-114.jpg","","own | manufacturer | authorized-distributor","","Etiqueta, grabado o página que identifica exactamente el SKU","Pendiente","Pendiente","Pendiente"
"37","Catálogo para cotización","GTI07-115","PUNTA EJE L/R. VOLKSWAGEN BORA/GOLF IV/JETTA GLI 1.8 TURBO — GTI07-115","0","GTI07-115.jpg","","own | manufacturer | authorized-distributor","","Etiqueta, grabado o página que identifica exactamente el SKU","Pendiente","Pendiente","Pendiente"
"37","Catálogo para cotización","GTI07-116","EJE HOMOCINETICO IZQ. CHERY VAN — GTI07-116","0","GTI07-116.jpg","","own | manufacturer | authorized-distributor","","Etiqueta, grabado o página que identifica exactamente el SKU","Pendiente","Pendiente","Pendiente"
"37","Catálogo para cotización","GTI07-117","EJE HOMOCINETICO DER. VOLKSWAGEN PANEL T5 /2010 — GTI07-117","0","GTI07-117.jpg","","own | manufacturer | authorized-distributor","","Etiqueta, grabado o página que identifica exactamente el SKU","Pendiente","Pendiente","Pendiente"
"37","Catálogo para cotización","GTI07-118","EJE HOMOCINETICO NISSAN PATHFINDER MN. — GTI07-118","0","GTI07-118.jpg","","own | manufacturer | authorized-distributor","","Etiqueta, grabado o página que identifica exactamente el SKU","Pendiente","Pendiente","Pendiente"
"38","Catálogo para cotización","GTI07-119","PUNTA EJE L/C. VOLKSWAGEN GOLF III 1.8/AUDI A3 1.6/1.8 — GTI07-119","0","GTI07-119.jpg","","own | manufacturer | authorized-distributor","","Etiqueta, grabado o página que identifica exactamente el SKU","Pendiente","Pendiente","Pendiente"
"38","Catálogo para cotización","GTI07-120","EJE HOMOCINETICO TOYOTA HILUX MV./HI-RIDER — GTI07-120","0","GTI07-120.jpg","","own | manufacturer | authorized-distributor","","Etiqueta, grabado o página que identifica exactamente el SKU","Pendiente","Pendiente","Pendiente"
"38","Catálogo para cotización","GTI07-121","EJE HOMOCINETICO TOYOTA PRADO — GTI07-121","0","GTI07-121.jpg","","own | manufacturer | authorized-distributor","","Etiqueta, grabado o página que identifica exactamente el SKU","Pendiente","Pendiente","Pendiente"
"38","Catálogo para cotización","GTI07-122","EJE HOMOCINETICO IZQ. VOLKSWAGEN PANEL T5 TODAS — GTI07-122","0","GTI07-122.jpg","","own | manufacturer | authorized-distributor","","Etiqueta, grabado o página que identifica exactamente el SKU","Pendiente","Pendiente","Pendiente"
"38","Catálogo para cotización","GTI07-123","PUNTA EJE L/C. IZQ. VOLKSWAGEN PANEL T5 TODAS — GTI07-123","0","GTI07-123.jpg","","own | manufacturer | authorized-distributor","","Etiqueta, grabado o página que identifica exactamente el SKU","Pendiente","Pendiente","Pendiente"
"38","Catálogo para cotización","GTI07-124","EJE HOMOCINETICO VOLKSWAGEN AMAROK — GTI07-124","0","GTI07-124.jpg","","own | manufacturer | authorized-distributor","","Etiqueta, grabado o página que identifica exactamente el SKU","Pendiente","Pendiente","Pendiente"
"38","Catálogo para cotización","GTI07-125","PUNTA EJE L/C. NISSAN PATHFINDER MN. — GTI07-125","0","GTI07-125.jpg","","own | manufacturer | authorized-distributor","","Etiqueta, grabado o página que identifica exactamente el SKU","Pendiente","Pendiente","Pendiente"
"38","Catálogo para cotización","GTI07-126","PUNTA EJE L/C. VOLKSWAGEN AMAROK — GTI07-126","0","GTI07-126.jpg","","own | manufacturer | authorized-distributor","","Etiqueta, grabado o página que identifica exactamente el SKU","Pendiente","Pendiente","Pendiente"
"38","Catálogo para cotización","GTI07-127","PUNTA EJE L/C. VOLKSWAGEN GOL D. E. 100MM. — GTI07-127","0","GTI07-127.jpg","","own | manufacturer | authorized-distributor","","Etiqueta, grabado o página que identifica exactamente el SKU","Pendiente","Pendiente","Pendiente"
"38","Catálogo para cotización","GTI07-128","PUNTA EJE L/R. VOLKSWAGEN PANEL/TRANSPORTER 28 DTS — GTI07-128","0","GTI07-128.jpg","","own | manufacturer | authorized-distributor","","Etiqueta, grabado o página que identifica exactamente el SKU","Pendiente","Pendiente","Pendiente"
"39","Catálogo para cotización","GTI07-129","PUNTA EJE L/R. DAIHATSU FEROZA — GTI07-129","0","GTI07-129.jpg","","own | manufacturer | authorized-distributor","","Etiqueta, grabado o página que identifica exactamente el SKU","Pendiente","Pendiente","Pendiente"
"39","Catálogo para cotización","GTI07-130","PUNTA EJE L/C. DER. VOLKSWAGEN PANEL T5 /2010 (HEMBRA CORTA) — GTI07-130","0","GTI07-130.jpg","","own | manufacturer | authorized-distributor","","Etiqueta, grabado o página que identifica exactamente el SKU","Pendiente","Pendiente","Pendiente"
"39","Catálogo para cotización","GTI07-131","PUNTA EJE L/R. DAIHATSU TERIUS MN. (22 DTS.) — GTI07-131","0","GTI07-131.jpg","","own | manufacturer | authorized-distributor","","Etiqueta, grabado o página que identifica exactamente el SKU","Pendiente","Pendiente","Pendiente"
"39","Catálogo para cotización","GTI07-132","EJE HOMOCINETICO DER. VOLKSWAGEN BORA 05/2011/JETTA 06/2010 /NUEVO ESCARABAJO GTI — GTI07-132","0","GTI07-132.jpg","","own | manufacturer | authorized-distributor","","Etiqueta, grabado o página que identifica exactamente el SKU","Pendiente","Pendiente","Pendiente"
"39","Catálogo para cotización","GTI07-139","PUNTA EJE L/C. NISSAN PATHFINDER/FRONTIER 98/04 — GTI07-139","0","GTI07-139.jpg","","own | manufacturer | authorized-distributor","","Etiqueta, grabado o página que identifica exactamente el SKU","Pendiente","Pendiente","Pendiente"
"39","Catálogo para cotización","GTI07-140","PUNTA EJE L/R. SAMURAI/SJ 410/413 — GTI07-140","0","GTI07-140.jpg","","own | manufacturer | authorized-distributor","","Etiqueta, grabado o página que identifica exactamente el SKU","Pendiente","Pendiente","Pendiente"
"39","Catálogo para cotización","GTI07-141","PUNTA EJE L/R. PEUGEOT 306 — GTI07-141","0","GTI07-141.jpg","","own | manufacturer | authorized-distributor","","Etiqueta, grabado o página que identifica exactamente el SKU","Pendiente","Pendiente","Pendiente"
"39","Catálogo para cotización","GTI07-142","PUNTA EJE L/C. VOLKSWAGEN GOLF 1.0/1.1/1.3/POLO 1.6/SEAT CORDOBA/IBIZA/SKODA GTIFAB — GTI07-142","0","GTI07-142.jpg","","own | manufacturer | authorized-distributor","","Etiqueta, grabado o página que identifica exactamente el SKU","Pendiente","Pendiente","Pendiente"
"39","Catálogo para cotización","GTI07-143","PUNTA EJE L/C. VOLKSWAGEN JETTA/GOLF 1.8/2.0/POLO/PASSAT/AUDI A3/A4/SEAT CORDOBA GTI — GTI07-143","0","GTI07-143.jpg","","own | manufacturer | authorized-distributor","","Etiqueta, grabado o página que identifica exactamente el SKU","Pendiente","Pendiente","Pendiente"
"39","Catálogo para cotización","GTI07-145","EJE HOMOCINETICO IZQ. JAC — GTI07-145","0","GTI07-145.jpg","","own | manufacturer | authorized-distributor","","Etiqueta, grabado o página que identifica exactamente el SKU","Pendiente","Pendiente","Pendiente"
"40","Catálogo para cotización","GTI07-146","EJE HOMOCINETICO DER. JAC — GTI07-146","0","GTI07-146.jpg","","own | manufacturer | authorized-distributor","","Etiqueta, grabado o página que identifica exactamente el SKU","Pendiente","Pendiente","Pendiente"
"40","Catálogo para cotización","GTI07-147","PUNTA EJE L/R. TOYOTA LAND CRUISER VENEZOLANA/BURBUJA 2010/ — GTI07-147","0","GTI07-147.jpg","","own | manufacturer | authorized-distributor","","Etiqueta, grabado o página que identifica exactamente el SKU","Pendiente","Pendiente","Pendiente"
"40","Catálogo para cotización","GTI07-148","EJE HOMOCINETICO DER. VOLKSWAGEN PANEL T5 2011/ — GTI07-148","0","GTI07-148.jpg","","own | manufacturer | authorized-distributor","","Etiqueta, grabado o página que identifica exactamente el SKU","Pendiente","Pendiente","Pendiente"
"40","Catálogo para cotización","GTI07-149","PUNTA EJE L/C. VOLKSWAGEN PANEL T5 2011/ (HEMBRA LARGA) — GTI07-149","0","GTI07-149.jpg","","own | manufacturer | authorized-distributor","","Etiqueta, grabado o página que identifica exactamente el SKU","Pendiente","Pendiente","Pendiente"
"40","Catálogo para cotización","GTI07-150","G/POLVO EJE L/R. VOLKSWAGEN PANEL T5 — GTI07-150","0","GTI07-150.jpg","","own | manufacturer | authorized-distributor","","Etiqueta, grabado o página que identifica exactamente el SKU","Pendiente","Pendiente","Pendiente"
"40","Catálogo para cotización","GTI07-151","PUNTA EJE L/R. TOYOTA COROLLA SENSACION — GTI07-151","0","GTI07-151.jpg","","own | manufacturer | authorized-distributor","","Etiqueta, grabado o página que identifica exactamente el SKU","Pendiente","Pendiente","Pendiente"
"40","Catálogo para cotización","GTI07-152","PUNTA EJE L/R. JAC TAXI VVT 1.5 21x25 DTS. — GTI07-152","0","GTI07-152.jpg","","own | manufacturer | authorized-distributor","","Etiqueta, grabado o página que identifica exactamente el SKU","Pendiente","Pendiente","Pendiente"
"40","Catálogo para cotización","GTI07-153","PUNTA EJE L/R. NISSAN X-TRAIL — GTI07-153","0","GTI07-153.jpg","","own | manufacturer | authorized-distributor","","Etiqueta, grabado o página que identifica exactamente el SKU","Pendiente","Pendiente","Pendiente"
"40","Catálogo para cotización","GTI07-154","EJE HOMOCINETICO DER. MITSUBISHI SPORTERO — GTI07-154","0","GTI07-154.jpg","","own | manufacturer | authorized-distributor","","Etiqueta, grabado o página que identifica exactamente el SKU","Pendiente","Pendiente","Pendiente"
"40","Catálogo para cotización","GTI07-155","EJE HOMOCINETICO IZQ. MITSUBISHI SPORTERO — GTI07-155","0","GTI07-155.jpg","","own | manufacturer | authorized-distributor","","Etiqueta, grabado o página que identifica exactamente el SKU","Pendiente","Pendiente","Pendiente"
"41","Catálogo para cotización","GTI07-156","PUNTA EJE L/R. MITSUBISHI SPORTERO 33 DTS — GTI07-156","0","GTI07-156.jpg","","own | manufacturer | authorized-distributor","","Etiqueta, grabado o página que identifica exactamente el SKU","Pendiente","Pendiente","Pendiente"
"41","Catálogo para cotización","GTI07-157","PUNTA EJE L/C. DER. MITSUBISHI SPORTERO — GTI07-157","0","GTI07-157.jpg","","own | manufacturer | authorized-distributor","","Etiqueta, grabado o página que identifica exactamente el SKU","Pendiente","Pendiente","Pendiente"
"41","Catálogo para cotización","GTI07-158","PUNTA EJE L/C. IZQ. MITSUBISHI SPORTERO — GTI07-158","0","GTI07-158.jpg","","own | manufacturer | authorized-distributor","","Etiqueta, grabado o página que identifica exactamente el SKU","Pendiente","Pendiente","Pendiente"
"41","Catálogo para cotización","GTI07-159","PUNTA EJE L/R. FORD FESTIVA/JAC J2 PIN EXT. — GTI07-159","0","GTI07-159.jpg","","own | manufacturer | authorized-distributor","","Etiqueta, grabado o página que identifica exactamente el SKU","Pendiente","Pendiente","Pendiente"
"41","Catálogo para cotización","GTI07-160","PUNTA EJE L/R. NISSAN ALMERA — GTI07-160","0","GTI07-160.jpg","","own | manufacturer | authorized-distributor","","Etiqueta, grabado o página que identifica exactamente el SKU","Pendiente","Pendiente","Pendiente"
"41","Catálogo para cotización","GTI07-161","PUNTA EJE L/R. PEUGEOT 306 — GTI07-161","0","GTI07-161.jpg","","own | manufacturer | authorized-distributor","","Etiqueta, grabado o página que identifica exactamente el SKU","Pendiente","Pendiente","Pendiente"
"41","Catálogo para cotización","GTI07-162","PUNTA EJE L/R. MERCEDES BENZ — GTI07-162","0","GTI07-162.jpg","","own | manufacturer | authorized-distributor","","Etiqueta, grabado o página que identifica exactamente el SKU","Pendiente","Pendiente","Pendiente"
"41","Catálogo para cotización","GTI07-163","PUNTA EJE L/R. SUBARU LEONE — GTI07-163","0","GTI07-163.jpg","","own | manufacturer | authorized-distributor","","Etiqueta, grabado o página que identifica exactamente el SKU","Pendiente","Pendiente","Pendiente"
"41","Catálogo para cotización","GTI07-164","PUNTA EJE L/R. FIAT PALIO 1.6 — GTI07-164","0","GTI07-164.jpg","","own | manufacturer | authorized-distributor","","Etiqueta, grabado o página que identifica exactamente el SKU","Pendiente","Pendiente","Pendiente"
"41","Catálogo para cotización","GTI07-165","PUNTA EJE L/R. VOLKSWAGEN GOL NEW 1.6 09/ — GTI07-165","0","GTI07-165.jpg","","own | manufacturer | authorized-distributor","","Etiqueta, grabado o página que identifica exactamente el SKU","Pendiente","Pendiente","Pendiente"
"42","Catálogo para cotización","GTI07-166","PUNTA EJE L/R. NISSAN TERRANO 2.4/3.0 4X4 — GTI07-166","0","GTI07-166.jpg","","own | manufacturer | authorized-distributor","","Etiqueta, grabado o página que identifica exactamente el SKU","Pendiente","Pendiente","Pendiente"
"42","Catálogo para cotización","GTI07-167","PUNTA EJE L/C. IZQ. JAC (MACHO) — GTI07-167","0","GTI07-167.jpg","","own | manufacturer | authorized-distributor","","Etiqueta, grabado o página que identifica exactamente el SKU","Pendiente","Pendiente","Pendiente"
"42","Catálogo para cotización","GTI07-168","PUNTA EJE L/C. DER. JAC (HEMBRA) — GTI07-168","0","GTI07-168.jpg","","own | manufacturer | authorized-distributor","","Etiqueta, grabado o página que identifica exactamente el SKU","Pendiente","Pendiente","Pendiente"
"42","Catálogo para cotización","GTI07-169","PUNTA EJE L/R. GEELY — GTI07-169","0","GTI07-169.jpg","","own | manufacturer | authorized-distributor","","Etiqueta, grabado o página que identifica exactamente el SKU","Pendiente","Pendiente","Pendiente"
"42","Catálogo para cotización","GTI07-171","PUNTA EJE L/R. TOYOTA PRADO TX/TXL — GTI07-171","0","GTI07-171.jpg","","own | manufacturer | authorized-distributor","","Etiqueta, grabado o página que identifica exactamente el SKU","Pendiente","Pendiente","Pendiente"
"42","Catálogo para cotización","GTI07-173","EJE HOMOCINETICO DER. CHERY VAN II/YOYA — GTI07-173","0","GTI07-173.jpg","","own | manufacturer | authorized-distributor","","Etiqueta, grabado o página que identifica exactamente el SKU","Pendiente","Pendiente","Pendiente"
"42","Catálogo para cotización","GTI07-174","EJE HOMOCINETICO IZQ. CHERY VAN II/YOYA — GTI07-174","0","GTI07-174.jpg","","own | manufacturer | authorized-distributor","","Etiqueta, grabado o página que identifica exactamente el SKU","Pendiente","Pendiente","Pendiente"
"42","Catálogo para cotización","GTI07-175","PUNTA EJE L/R. CHERY VAN II/YOYA — GTI07-175","0","GTI07-175.jpg","","own | manufacturer | authorized-distributor","","Etiqueta, grabado o página que identifica exactamente el SKU","Pendiente","Pendiente","Pendiente"
"42","Catálogo para cotización","GTI07-176","EJE HOMOCINETICO IZQ. MITSUBISHI SPORTERO 2.5 DIESEL 4X4 — GTI07-176","0","GTI07-176.jpg","","own | manufacturer | authorized-distributor","","Etiqueta, grabado o página que identifica exactamente el SKU","Pendiente","Pendiente","Pendiente"
"42","Catálogo para cotización","GTI07-177","EJE HOMOCINETICO DER. MITSUBISHI SPORTERO 2.5 DIESEL 4X4 — GTI07-177","0","GTI07-177.jpg","","own | manufacturer | authorized-distributor","","Etiqueta, grabado o página que identifica exactamente el SKU","Pendiente","Pendiente","Pendiente"
"43","Catálogo para cotización","GTI07-178","PUNTA EJE L/C. CHEVY — GTI07-178","0","GTI07-178.jpg","","own | manufacturer | authorized-distributor","","Etiqueta, grabado o página que identifica exactamente el SKU","Pendiente","Pendiente","Pendiente"
"43","Catálogo para cotización","GTI07-179","PUNTA EJE L/R. CHEVY — GTI07-179","0","GTI07-179.jpg","","own | manufacturer | authorized-distributor","","Etiqueta, grabado o página que identifica exactamente el SKU","Pendiente","Pendiente","Pendiente"
"43","Catálogo para cotización","GTI07-180","PUNTA EJE L/R. TOYOTA SAHARA 2012/ — GTI07-180","0","GTI07-180.jpg","","own | manufacturer | authorized-distributor","","Etiqueta, grabado o página que identifica exactamente el SKU","Pendiente","Pendiente","Pendiente"
"43","Catálogo para cotización","GTI07-181","PUNTA EJE L/R. TOYOTA SAHARA /2012 — GTI07-181","0","GTI07-181.jpg","","own | manufacturer | authorized-distributor","","Etiqueta, grabado o página que identifica exactamente el SKU","Pendiente","Pendiente","Pendiente"
"43","Catálogo para cotización","GTI07-182","PUNTA EJE L/R. TIGO — GTI07-182","0","GTI07-182.jpg","","own | manufacturer | authorized-distributor","","Etiqueta, grabado o página que identifica exactamente el SKU","Pendiente","Pendiente","Pendiente"
"43","Catálogo para cotización","GTI07-184","EJE HOMOCINETICO DER. FAW V5 — GTI07-184","0","GTI07-184.jpg","","own | manufacturer | authorized-distributor","","Etiqueta, grabado o página que identifica exactamente el SKU","Pendiente","Pendiente","Pendiente"
"43","Catálogo para cotización","GTI07-185","EJE HOMOCINETICO IZQ. FAW V6 — GTI07-185","0","GTI07-185.jpg","","own | manufacturer | authorized-distributor","","Etiqueta, grabado o página que identifica exactamente el SKU","Pendiente","Pendiente","Pendiente"
"43","Catálogo para cotización","GTI07-186","PUNTA EJE L/R. FAW — GTI07-186","0","GTI07-186.jpg","","own | manufacturer | authorized-distributor","","Etiqueta, grabado o página que identifica exactamente el SKU","Pendiente","Pendiente","Pendiente"
"43","Catálogo para cotización","GTI07-187","PUNTA EJE L/C. FAW — GTI07-187","0","GTI07-187.jpg","","own | manufacturer | authorized-distributor","","Etiqueta, grabado o página que identifica exactamente el SKU","Pendiente","Pendiente","Pendiente"
"43","Catálogo para cotización","GTI07-189","PUNTA EJE L/R. CHERY TIGGO 1.6 — GTI07-189","0","GTI07-189.jpg","","own | manufacturer | authorized-distributor","","Etiqueta, grabado o página que identifica exactamente el SKU","Pendiente","Pendiente","Pendiente"
"44","Catálogo para cotización","GTI07-191","PUNTA EJE L/C. CHERY VAN II — GTI07-191","0","GTI07-191.jpg","","own | manufacturer | authorized-distributor","","Etiqueta, grabado o página que identifica exactamente el SKU","Pendiente","Pendiente","Pendiente"
"44","Catálogo para cotización","GTI07-192","PUNTA EJE L/R. SUBARU — GTI07-192","0","GTI07-192.jpg","","own | manufacturer | authorized-distributor","","Etiqueta, grabado o página que identifica exactamente el SKU","Pendiente","Pendiente","Pendiente"
